Inventarisnr.,,,Inv.srt,,Omschrijving,,Terminal-ID,,Straat,Thv,CBS,Wijk,Sector A,Sector B,Sector C,,Sector D,X-Coord.,Y-Coord.,Voeding,ICS,Online,Type,ESN no,Cr Callno,Sleutel,GSM,Deelgem.,Deelgem niveau,Man nr,Status,Mutdatum,Door user,Inv.status
FT1,,,FT,,Fietstrommel,,,,ESSENBURGSNGL,9,,,,,,,,51.9229316711426,4.46130990982056,,,,,,,,,Delfshaven,,,A,19-05-2010,STREPE,
FT10,,,FT,,Fietstrommel,,,,PANNEKOEKSTR,97,,,,,,,,51.9220695495605,4.48883008956909,,,,,,,,,Centrum,,,A,07-06-2009,Conversie,
FT100,,,FT,,Fietstrommel,,,,SCHIEKD,155,,,,,,,,51.9263496398926,4.47619009017944,,,,,,,,,Noord,,,A,08-07-2010,BEHEER-STZ,
FT101,,,FT,,Fietstrommel,,,,SCHIEKD,55,,,,,,,,51.9297218322754,4.47138023376465,,,,,,,,,Noord,,,A,08-07-2010,BEHEER-STZ,
FT102,,,FT,,Fietstrommel,,,,NOORDSNGL,72,,,,,,,,51.9301986694336,4.47891998291016,,,,,,,,,Noord,,,A,08-07-2010,BEHEER-STZ,
FT103,,,FT,,Fietstrommel,,,,SCHEPENSTR,48,,,,,,,,51.9301490783691,4.46625995635986,,,,,,,,,Noord,,,A,08-07-2010,BEHEER-STZ,
FT104,,,FT,,Fietstrommel,,,,SCHEPENSTR,34,,,,,,,,51.9305992126465,4.46646976470947,,,,,,,,,Noord,,,A,08-07-2010,BEHEER-STZ,
FT105,,,FT,,Fietstrommel,,,,S GRAVENDYKWAL,24,,,,,,,,51.9186096191406,4.46326017379761,,,,,,,,,Centrum,,,A,08-07-2010,BEHEER-STZ,
FT106,,,FT,,Fietstrommel,,,,K BAJONETSTR,4,,,,,,,,51.9184913635254,4.46479988098145,,,,,,,,,Centrum,,,A,08-07-2010,BEHEER-STZ,
FT107,,,FT,,Fietstrommel,,,,BREITNERSTR,115,,,,,,,,51.9130401611328,4.46727991104126,,,,,,,,,Centrum,,,A,20-04-2011,OOMEBE,
FT108,,,FT,,Fietstrommel,,,,MAASKD,146,,,,,,,,51.9118690490723,4.49046993255615,,,,,,,,,Feijenoord,,,A,08-07-2010,BEHEER-STZ,
FT109,,,FT,,Fietstrommel,,,,AKELEISTR,17,,,,,,,,51.9213600158691,4.46380996704102,,,,,,,,,Centrum,,,A,08-07-2010,BEHEER-STZ,
FT11,,,FT,,Fietstrommel,,,,KORTENAERSTR,1,,,,,,,,51.9138908386231,4.47814989089966,,,,,,,,,Centrum,,,A,07-06-2009,Conversie,
FT110,,,FT,,Fietstrommel,,,,ROCHUSSENSTR,105,,,,,,,,51.9126281738281,4.46628999710083,,,,,,,,,Centrum,,,A,08-07-2010,BEHEER-STZ,
FT111,,,FT,,Fietstrommel,,,,W DE WITHHOF,4,,,,,,,,51.9159889221191,4.47925996780396,,,,,,,,,Centrum,,,A,07-06-2009,Conversie,
FT112,,,FT,,Fietstrommel,,,,ORCHIDEESTR,4,,,,,,,,51.943229675293,4.47391986846924,,,,,,,,,Hillegersberg,,,A,07-06-2009,Conversie,
FT113,,,FT,,Fietstrommel,,,,SAENREDAMPLN,7,,,,,,,,51.9385299682617,4.42221021652222,,,,,,,,,Overschie,,,A,08-07-2010,STREPE,
FT114,,,FT,,Fietstrommel,,,,SAENREDAMPLN,7,,,,,,,,51.9385299682617,4.42222023010254,,,,,,,,,Overschie,,,A,08-07-2010,BEHEER-STZ,
FT115,,,FT,,Fietstrommel,,,,GR FLORISSTR,22,,,,,,,,51.9208602905273,4.45916986465454,,,,,,,,,Delfshaven,,,A,08-07-2010,STREPE,
FT116,,,FT,,Fietstrommel,,,,GR FLORISSTR,100,,,,,,,,51.9191398620606,4.45697021484375,,,,,,,,,Delfshaven,,,A,16-07-2010,OOMEBE,
FT117,,,FT,,Fietstrommel,,,,GR FLORISSTR,50,,,,,,,,51.9202194213867,4.45836019515991,,,,,,,,,Delfshaven,,,A,07-06-2009,Conversie,
FT118,,,FT,,Fietstrommel,,,,BEUKELSDK,14,,,,,,,,51.9217300415039,4.45907020568848,,,,,,,,,Delfshaven,,,A,08-07-2010,BEHEER-STZ,
FT119,,,FT,,Fietstrommel,,,,C DE VRIESELN,64,,,,,,,,51.9156303405762,4.45953989028931,,,,,,,,,Delfshaven,,,A,07-06-2009,Conversie,
FT12,,,FT,,Fietstrommel,,,,ENGELSESTR,135,,,,,,,,51.9158897399902,4.41723012924194,,,,,,,,,Delfshaven,,,A,07-06-2009,Conversie,
FT120,,,FT,,Fietstrommel,,,,MATHENESSERLN,244,,,,,,,,51.9145011901856,4.46163988113403,,,,,,,,,Delfshaven,,,A,07-06-2009,Conversie,
FT121,,,FT,,Fietstrommel,,,,MATHENESSERLN,362,,,,,,,,51.9134216308594,4.45250988006592,,,,,,,,,Delfshaven,,,A,08-07-2010,STREPE,
FT122,,,FT,,Fietstrommel,,,,SCHIETBAANLN,182,,,,,,,,51.9156684875488,4.45930004119873,,,,,,,,,Delfshaven,,,A,08-07-2010,BEHEER-STZ,
FT123,,,FT,,Fietstrommel,,,,V CITTERSSTR,44,,,,,,,,51.9183692932129,4.44620990753174,,,,,,,,,Delfshaven,,,A,08-07-2010,BEHEER-STZ,
FT124,,,FT,,Fietstrommel,,,,MATHENESSERLN,424,,,,,,,,51.9141998291016,4.44944000244141,,,,,,,,,Delfshaven,,,A,08-07-2010,STREPE,
FT125,,,FT,,Fietstrommel,,,,BURG MEINESZLN,9,,,,,,,,51.9174880981445,4.45386981964111,,,,,,,,,Delfshaven,,,A,08-07-2010,BEHEER-STZ,
FT126,,,FT,,Fietstrommel,,,,ESSENBURGSNGL,125,,,,,,,,51.9212989807129,4.44649982452393,,,,,,,,,Delfshaven,,,A,08-07-2010,STREPE,
FT127,,,FT,,Fietstrommel,,,,MATHENESSERDK,390,,,,,,,,51.9116706848145,4.4468297958374,,,,,,,,,Delfshaven,,,A,08-07-2010,BEHEER-STZ,
FT128,,,FT,,Fietstrommel,,,,STATIONSSNGL,,,,,,,,,,,,,,,,,,,,,,A,08-07-2010,STREPE,
FT129,,,FT,,Fietstrommel,,,,NOORDSNGL,146,,,,,,,,51.9313812255859,4.47590017318726,,,,,,,,,Noord,,,A,08-07-2010,BEHEER-STZ,
FT13,,,FT,,Fietstrommel,,,,ENGELSESTR,135,,,,,,,,51.9158897399902,4.41724014282227,,,,,,,,,Delfshaven,,,A,07-06-2009,Conversie,
FT130,,,FT,,Fietstrommel,,,,NOORDERHAVENKD,111,,,,,,,,51.9330902099609,4.46036005020142,,,,,,,,,Noord,,,A,08-07-2010,STREPE,
FT131,,,FT,,Fietstrommel,,,,NOORDERHAVENKD,113,,,,,,,,51.933048248291,4.46040010452271,,,,,,,,,Noord,,,A,08-07-2010,BEHEER-STZ,
FT132,,,FT,,Fietstrommel,,,,LUMEYSTR,13,,,,,,,,51.9278106689453,4.46279001235962,,,,,,,,,Noord,,,A,08-07-2010,STREPE,
FT133,,,FT,,Fietstrommel,,,,BOISOTSTR,16,,,,,,,,51.9277381896973,4.46274995803833,,,,,,,,,Noord,,,A,08-07-2010,BEHEER-STZ,
FT134,,,FT,,Fietstrommel,,,,STATENSNGL,136,,,,,,,,51.9266510009766,4.45668983459473,,,,,,,,0629476301,Noord,,,A,08-07-2010,STREPE,
FT135,,,FT,,Fietstrommel,,,,SCHIEBROEKSELN,54,,,,,,,,51.9367713928223,4.47534990310669,,,,,,,,,Noord,,,A,08-07-2010,BEHEER-STZ,
FT136,,,FT,,Fietstrommel,,,,SCHIEBROEKSELN,63,,,,,,,,51.9363288879395,4.47568988800049,,,,,,,,,Noord,,,A,08-07-2010,STREPE,
FT137,,,FT,,Fietstrommel,,,,PUTSELN,218,,,,,,,,51.8974113464356,4.49639987945557,,,,,,,,,Feijenoord,,,A,08-07-2010,BEHEER-STZ,
FT138,,,FT,,Fietstrommel,,,,DORDTSELN,92,,,,,,,,51.8948097229004,4.49413013458252,,,,,,,,,Feijenoord,,,A,08-07-2010,STREPE,
FT139,,,FT,,Fietstrommel,,,,PUTSEBOCHT,194,,,,,,,,51.8926811218262,4.49464988708496,,,,,,,,0633184407,Feijenoord,,,A,10-08-2010,OOMEBE,
FT14,,,FT,,Fietstrommel,,,,C DE VRIESELN,41,,,,,,,,51.9164505004883,4.45920991897583,,,,,,,,0629476718,Delfshaven,,,A,06-07-2010,STREPE,
FT140,,,FT,,Fietstrommel,,,,MAASKD,137,,,,,,,,51.9120903015137,4.49083995819092,,,,,,,,,Feijenoord,,,A,08-07-2010,STREPE,
FT141,,,FT,,Fietstrommel,,,,MAASKD,80,,,,,,,,51.9144287109375,4.49478006362915,,,,,,,,,Feijenoord,,,A,08-07-2010,BEHEER-STZ,
FT142,,,FT,,Fietstrommel,,,,MAASKD,137,,,,,,,,51.9120903015137,4.49083995819092,,,,,,,,,Feijenoord,,,A,08-07-2010,STREPE,
FT143,,,FT,,Fietstrommel,,,,MAASKD,102,,,,,,,,51.9134902954102,4.49319982528687,,,,,,,,,Feijenoord,,,A,08-07-2010,BEHEER-STZ,
FT144,,,FT,,Fietstrommel,,,,GOEDE HOOPSTR,40,,,,,,,,51.8984298706055,4.4969801902771,,,,,,,,,Feijenoord,,,A,08-07-2010,STREPE,
FT145,,,FT,,Fietstrommel,,,,DIERGAARDESNGL,90,,,,,,,,51.9213409423828,4.46930980682373,,,,,,,,mau,Centrum,,,A,08-07-2010,BEHEER-STZ,
FT146,,,FT,,Fietstrommel,,,,DIERGAARDESNGL,90,,,,,,,,51.9213409423828,4.46931982040405,,,,,,,,,Centrum,,,A,08-07-2010,STREPE,
FT147,,,FT,,Fietstrommel,,,,KRALINGSE PLASLN,91,,,,,,,,51.9317893981934,4.50847005844116,,,,,,,,,Kralingen/Crooswijk,,,A,08-07-2010,BEHEER-STZ,
FT148,,,FT,,Fietstrommel,,,,CROOSWYKSESNGL,16,,,,,,,,51.9297409057617,4.48965978622437,,,,,,,,,Kralingen/Crooswijk,,,A,08-07-2010,STREPE,
FT149,,,FT,,Fietstrommel,,,,JERICHOLN,81,,,,,,,,51.9301300048828,4.50629997253418,,,,,,,,,Kralingen/Crooswijk,,,A,08-07-2010,BEHEER-STZ,
FT15,,,FT,,Fietstrommel,,,,C DE VRIESELN,41,,,,,,,,51.9164505004883,4.45921993255615,,,,,,,,,Delfshaven,,,A,07-06-2009,Conversie,
FT150,,,FT,,Fietstrommel,,,,1E JERICHOSTR,93,,,,,,,,51.9296798706055,4.5064902305603,,,,,,,,,Kralingen/Crooswijk,,,A,08-07-2010,STREPE,
FT151,,,FT,,Fietstrommel,,,,1E JERICHOSTR,91A,,,,,,,,51.9296493530274,4.50660991668701,,,,,,,,,Kralingen/Crooswijk,,,A,08-07-2010,BEHEER-STZ,
FT152,,,FT,,Fietstrommel,,,,DORPSWG,53,,,,,,,,51.8900718688965,4.47243022918701,,,,,,,,,Charlois,,,A,08-07-2010,STREPE,
FT153,,,FT,,Fietstrommel,,,,OOSTVOORNSESTR,9,,,,,,,,51.8907089233398,4.46858978271484,,,,,,,,,Charlois,,,A,08-07-2010,BEHEER-STZ,
FT154,,,FT,,Fietstrommel,,,,SAFTLEVENSTR,2,,,,,,,,51.9133491516113,4.46549987792969,,,,,,,,,Centrum,,,A,08-07-2010,STREPE,
FT155,,,FT,,Fietstrommel,,,,V BYLANDTPLAATS,36,,,,,,,,51.9190101623535,4.47624015808106,,,,,,,,,Centrum,,,A,08-07-2010,BEHEER-STZ,
FT156,,,FT,,Fietstrommel,,,,SCHEEPSTIMMERM LN,27,,,,,,,,51.9102592468262,4.47802019119263,,,,,,,,,Centrum,,,A,08-07-2010,STREPE,
FT157,,,FT,,Fietstrommel,,,,KORTENAERSTR,32,,,,,,,,51.9135284423828,4.47671985626221,,,,,,,,,Centrum,,,A,08-07-2010,BEHEER-STZ,
FT158,,,FT,,Fietstrommel,,,,VEERKD,5,,,,,,,,51.9081916809082,4.47923994064331,,,,,,,,,Centrum,,,A,08-07-2010,STREPE,
FT159,,,FT,,Fietstrommel,,,,VEERKD,5,,,,,,,,51.9081916809082,4.47924995422363,,,,,,,,,Centrum,,,A,08-07-2010,BEHEER-STZ,
FT16,,,FT,,Fietstrommel,,,,C DE VRIESELN,43,,,,,,,,51.916389465332,4.45920991897583,,,,,,,,,Delfshaven,,,A,07-06-2009,Conversie,
FT160,,,FT,,Fietstrommel,,,,WESTERSTR,24,,,,,,,,51.9094314575195,4.4817099571228,,,,,,,,,Centrum,,,A,08-07-2010,STREPE,
FT161,,,FT,,Fietstrommel,,,,WYNHAVEN,19,,,,,,,,51.9185218811035,4.49090003967285,,,,,,,,,Centrum,,,A,08-07-2010,BEHEER-STZ,
FT162,,,FT,,Fietstrommel,,,,STATIONSSNGL,91,,,,,,,,51.9259414672852,4.46394014358521,,,,,,,,,Noord,,,A,19-07-2011,OOMEBE,
FT163,,,FT,,Fietstrommel,,,,WESTZEEDK,341,,,,,,,,51.9107208251953,4.47381019592285,,,,,,,,0649627866,Centrum,,,A,16-09-2010,STREPE,
FT164,,,FT,,Fietstrommel,,,,BLEKERSTR,8,,,,,,,,51.9156112670899,4.48119020462036,,,,,,,,,Centrum,,,A,30-05-2012,OOMEBE,
FT165,,,FT,,Fietstrommel,,,,GOUDSESNGL,266,,,,,,,,51.9242782592773,4.48958015441895,,,,,,,,06-33597335,Centrum,,,A,08-07-2010,BEHEER-STZ,
FT166,,,FT,,Fietstrommel,,,,ORANJESTR,29,,,,,,,,51.9428215026855,4.42277002334595,,,,,,,,,Overschie,,,A,08-07-2010,STREPE,
FT167,,,FT,,Fietstrommel,,,,BREITNERSTR,17-A,,,,,,,,51.9158897399902,4.47017002105713,,,,,,,,,Centrum,,,A,08-07-2010,BEHEER-STZ,
FT168,,,FT,,Fietstrommel,,,,BREITNERSTR,17-A,,,,,,,,51.9158897399902,4.47018003463745,,,,,,,,,Centrum,,,A,08-07-2010,STREPE,
FT169,,,FT,,Fietstrommel,,,,ROCHUSSENSTR,29,,,,,,,,51.9155387878418,4.47044992446899,,,,,,,,,Centrum,,,A,08-07-2010,BEHEER-STZ,
FT17,,,FT,,Fietstrommel,,,,C DE VRIESELN,52,,,,,,,,51.9159507751465,4.45949983596802,,,,,,,,,Delfshaven,,,A,07-06-2009,Conversie,
FT170,,,FT,,Fietstrommel,,,,ROCHUSSENSTR,31,,,,,,,,51.915470123291,4.47036981582642,,,,,,,,,Centrum,,,A,08-07-2010,STREPE,
FT171,,,FT,,Fietstrommel,,,,ROCHUSSENSTR,33,,,,,,,,51.9153900146484,4.470290184021,,,,,,,,,Centrum,,,A,08-07-2010,BEHEER-STZ,
FT172,,,FT,,Fietstrommel,,,,ROCHUSSENSTR,35,,,,,,,,51.9153099060059,4.47022008895874,,,,,,,,,Centrum,,,A,08-07-2010,STREPE,
FT173,,,FT,,Fietstrommel,,,,KRALINGSE PLASLN,,,,,,,,,,,,,,,,,,,Kralingen/Crooswijk,,,A,08-07-2010,BEHEER-STZ,
FT174,,,FT,,Fietstrommel,,,,2E JERICHOSTR,15,,,,,,,,51.9306488037109,4.50764989852905,,,,,,,,,Kralingen/Crooswijk,,,A,08-07-2010,STREPE,
FT175,,,FT,,Fietstrommel,,,,2E JERICHOSTR,15,,,,,,,,51.9306488037109,4.50765991210938,,,,,,,,,Kralingen/Crooswijk,,,A,08-07-2010,BEHEER-STZ,
FT176,,,FT,,Fietstrommel,,,,JERICHOLN,95,,,,,,,,51.9296684265137,4.50601005554199,,,,,,,,,Kralingen/Crooswijk,,,A,08-07-2010,STREPE,
FT177,,,FT,,Fietstrommel,,,,WOLPHAERTSBOCHT,355,,,,,,,,51.8924407958984,4.48064994812012,,,,,,,,,Charlois,,,A,08-07-2010,BEHEER-STZ,
FT178,,,FT,,Fietstrommel,,,,MYNSHERENLN,123,,,,,,,,51.8933982849121,4.49072980880737,,,,,,,,,Charlois,,,A,08-07-2010,STREPE,
FT179,,,FT,,Fietstrommel,,,,BOERGOENSESTR,56,,,,,,,,51.892578125,4.47289991378784,,,,,,,,,Charlois,,,A,08-07-2010,BEHEER-STZ,
FT18,,,FT,,Fietstrommel,,,,PUTSEBOCHT,135A,,,,,,,,51.8936805725098,4.49654006958008,,,,,,,,,Feijenoord,,,A,06-07-2010,STREPE,
FT180,,,FT,,Fietstrommel,,,,STREVELSWG,134,,,,,,,,51.8895301818848,4.50036001205444,,,,,,,,,Feijenoord,,,A,08-07-2010,STREPE,
FT181,,,FT,,Fietstrommel,,,,RANDWG,106,,,,,,,,51.8916091918945,4.51311016082764,,,,,,,,,Feijenoord,,,A,03-01-2012,OOMEBE,
FT182,,,FT,,Fietstrommel,,,,RANDWG,136,,,,,,,,51.8908309936523,4.51417016983032,,,,,,,,,Feijenoord,,,A,08-07-2010,STREPE,
FT183,,,FT,,Fietstrommel,,,,HILLEDK,265,,,,,,,,51.8985710144043,4.50933980941772,,,,,,,,,Feijenoord,,,A,08-07-2010,BEHEER-STZ,
FT184,,,FT,,Fietstrommel,,,,VD TAKSTR,35,,,,,,,,51.9143791198731,4.49561023712158,,,,,,,,,Feijenoord,,,A,08-07-2010,STREPE,
FT185,,,FT,,Fietstrommel,,,,PR HENDRIKKD,114,,,,,,,,51.9117202758789,4.49388980865479,,,,,,,,,Feijenoord,,,A,08-07-2010,BEHEER-STZ,
FT186,,,FT,,Fietstrommel,,,,PR HENDRIKKD,114,,,,,,,,51.9117202758789,4.49389982223511,,,,,,,,0630736977,Feijenoord,,,A,08-07-2010,STREPE,
FT187,,,FT,,Fietstrommel,,,,PR HENDRIKKD,153,,,,,,,,51.9102897644043,4.49085998535156,,,,,,,,,Feijenoord,,,A,08-07-2010,BEHEER-STZ,
FT188,,,FT,,Fietstrommel,,,,BREITNERSTR,93,,,,,,,,51.9143600463867,4.46716022491455,,,,,,,,,Centrum,,,A,08-07-2010,STREPE,
FT189,,,FT,,Fietstrommel,,,,JACOBUSSTR,191,,,,,,,,51.9176483154297,4.47409009933472,,,,,,,,,Centrum,,,A,08-07-2010,BEHEER-STZ,
FT19,,,FT,,Fietstrommel,,,,W VARKENOORDSEWG,139,,,,,,,,51.8962287902832,4.51539993286133,,,,,,,,,Feijenoord,,,A,08-07-2011,OOMEBE,
FT190,,,FT,,Fietstrommel,,,,BAAN,50,,,,,,,,51.9141998291016,4.48055982589722,,,,,,,,,Centrum,,,A,08-07-2010,STREPE,
FT191,,,FT,,Fietstrommel,,,,BAAN,50,,,,,,,,51.9141998291016,4.48055982589722,,,,,,,,,Centrum,,,P,03-08-2012,BRUIPE,
FT192,,,FT,,Fietstrommel,,,,ST MARIASTR,114,,,,,,,,51.9185600280762,4.46827983856201,,,,,,,,,Centrum,,,A,07-06-2009,Conversie,
FT193,,,FT,,Fietstrommel,,,,V VOLLENHOVENSTR,34,,,,,,,,51.9105110168457,4.47781991958618,,,,,,,,,Centrum,,,A,07-06-2009,Conversie,
FT194,,,FT,,Fietstrommel,,,,HAAGSEVEER,94,,,,,,,,51.9226493835449,4.48178005218506,,,,,,,,,Centrum,,,A,07-06-2009,Conversie,
FT195,,,FT,,Fietstrommel,,,,STATENSNGL,177,,,,,,,,51.9272613525391,4.45668983459473,,,,,,,,,Noord,,,A,07-06-2009,Conversie,
FT196,,,FT,,Fietstrommel,,,,SCHEPENSTR,99,,,,,,,,51.9273185729981,4.46318006515503,,,,,,,,,Noord,,,A,07-06-2009,Conversie,
FT197,,,FT,,Fietstrommel,,,,SCHEPENSTR,99,,,,,,,,51.9273185729981,4.46319007873535,,,,,,,,,Noord,,,A,08-07-2010,BEHEER-STZ,
FT198,,,FT,,Fietstrommel,,,,BESEMERSTR,4,,,,,,,,51.9333610534668,4.45988988876343,,,,,,,,,Noord,,,A,07-06-2009,Conversie,
FT199,,,FT,,Fietstrommel,,,,BESEMERSTR,4,,,,,,,,51.9333610534668,4.45989990234375,,,,,,,,,Noord,,,A,07-06-2009,Conversie,
FT2,,,FT,,Fietstrommel,,,,ESSENBURGSNGL,8,,,,,,,,51.9229316711426,4.4614200592041,,,,,,,,,Delfshaven,,,A,06-07-2010,STREPE,
FT20,,,FT,,Fietstrommel,,,,BREEWG,16,,,,,,,,51.8908996582031,4.5183801651001,,,,,,,,,Feijenoord,,,A,08-07-2011,OOMEBE,
FT200,,,FT,,Fietstrommel,,,,BYLWERFFSTR,13,,,,,,,,51.9326095581055,4.45764017105103,,,,,,,,,Noord,,,A,07-06-2009,Conversie,
FT201,,,FT,,Fietstrommel,,,,BYLWERFFSTR,33,,,,,,,,51.931999206543,4.45577001571655,,,,,,,,,Noord,,,A,07-06-2009,Conversie,
FT202,,,FT,,Fietstrommel,,,,BYLWERFFSTR,45,,,,,,,,51.9317398071289,4.45494985580444,,,,,,,,,Noord,,,A,13-07-2010,STREPE,
FT203,,,FT,,Fietstrommel,,,,VROESENLN,54,,,,,,,,51.9301300048828,4.4566798210144,,,,,,,,,Noord,,,A,13-07-2010,STREPE,
FT204,,,FT,,Fietstrommel,,,,VROESENLN,54,,,,,,,,51.9301300048828,4.45668983459473,,,,,,,,,Noord,,,A,07-06-2009,Conversie,
FT205,,,FT,,Fietstrommel,,,,J V TROYENSTR,3,,,,,,,,51.9290199279785,4.46459007263184,,,,,,,,,Noord,,,A,07-06-2009,Conversie,
FT206,,,FT,,Fietstrommel,,,,SCHEPENSTR,76,,,,,,,,51.9287185668945,4.46503019332886,,,,,,,,,Noord,,,A,07-06-2009,Conversie,
FT207,,,FT,,Fietstrommel,,,,SCHEPENSTR,80,,,,,,,,51.9285697937012,4.46482992172241,,,,,,,,,Noord,,,A,07-06-2009,Conversie,
FT208,,,FT,,Fietstrommel,,,,BLOMMERSDYKSELN,35,,,,,,,,51.9384117126465,4.48008012771606,,,,,,,,,Noord,,,A,07-06-2009,Conversie,
FT209,,,FT,,Fietstrommel,,,,J CATSSTR,27,,,,,,,,51.9339485168457,4.48253011703491,,,,,,,,,Noord,,,A,07-06-2009,Conversie,
FT21,,,FT,,Fietstrommel,,,,ZESTIENHOVENSTR,34a,,,,,,,,51.9344711303711,4.47186994552612,,,,,,,,,Noord,,,A,07-06-2009,Conversie,
FT210,,,FT,,Fietstrommel,,,,V BEUNINGENSTR,9,,,,,,,,51.9290084838867,4.45764017105103,,,,,,,,,Noord,,,A,26-04-2011,OOMEBE,
FT211,,,FT,,Fietstrommel,,,,NOBELSTR,69,,,,,,,,51.9332504272461,4.45815992355347,,,,,,,,,Noord,,,A,07-06-2009,Conversie,
FT212,,,FT,,Fietstrommel,,,,NOBELSTR,69,,,,,,,,51.9332504272461,4.45816993713379,,,,,,,,,Noord,,,A,07-06-2009,Conversie,
FT213,,,FT,,Fietstrommel,,,,BERGSELN,295,,,,,,,,51.9330787658691,4.46394014358521,,,,,,,,,Noord,,,A,13-07-2010,STREPE,
FT214,,,FT,,Fietstrommel,,,,A KUYPERLN,80,,,,,,,,51.9345092773438,4.46345996856689,,,,,,,,,Noord,,,A,30-05-2012,OOMEBE,
FT215,,,FT,,Fietstrommel,,,,HEEMSTEESTR,111,,,,,,,,51.9314193725586,4.47252988815308,,,,,,,,,Noord,,,A,13-07-2010,STREPE,
FT216,,,FT,,Fietstrommel,,,,1E PYNACKERSTR,139,,,,,,,,51.932918548584,4.48040008544922,,,,,,,,,Noord,,,A,13-07-2010,STREPE,
FT217,,,FT,,Fietstrommel,,,,BYLWERFFSTR,11,,,,,,,,51.9326515197754,4.45775985717773,,,,,,,,,Noord,,,A,07-06-2009,Conversie,
FT218,,,FT,,Fietstrommel,,,,VROESENLN,73-75,,,,,,,,51.9312896728516,4.45533990859985,,,,,,,,,Noord,,,A,13-07-2010,STREPE,
FT219,,,FT,,Fietstrommel,,,,BYLWERFFSTR,65,,,,,,,,51.9317893981934,4.45490980148315,,,,,,,,,Noord,,,A,07-06-2009,Conversie,
FT22,,,FT,,Fietstrommel,,,,OOSTMAASLN,125,,,,,,,,51.9181785583496,4.51167011260986,,,,,,,,,Kralingen/Crooswijk,,,A,07-06-2009,Conversie,
FT220,,,FT,,Fietstrommel,,,,SCHEPENSTR,108,,,,,,,,51.9275894165039,4.46354007720947,,,,,,,,,Noord,,,A,07-06-2009,Conversie,
FT221,,,FT,,Fietstrommel,,,,SCHIEKD,7,,,,,,,,51.9307899475098,4.46963977813721,,,,,,,,,Noord,,,A,07-06-2009,Conversie,
FT222,,,FT,,Fietstrommel,,,,SCHIEKD,7,,,,,,,,51.9307899475098,4.46964979171753,,,,,,,,,Noord,,,A,07-06-2009,Conversie,
FT223,,,FT,,Fietstrommel,,,,STATIONSSNGL,65,,,,,,,,51.9254112243652,4.46515989303589,,,,,,,,,Noord,,,A,07-06-2009,Conversie,
FT224,,,FT,,Fietstrommel,,,,DIERGAARDESNGL,55,,,,,,,,51.9221000671387,4.46775007247925,,,,,,,,,Centrum,,,A,07-06-2009,Conversie,
FT225,,,FT,,Fietstrommel,,,,S GRAVENDYKWAL,80,,,,,,,,51.9161109924316,4.46301984786987,,,,,,,,,Centrum,,,A,13-07-2010,STREPE,
FT226,,,FT,,Fietstrommel,,,,AEGIDIUSSTR,88,,,,,,,,51.9239883422852,4.51064014434814,,,,,,,,,Kralingen/Crooswijk,,,A,07-06-2009,Conversie,
FT227,,,FT,,Fietstrommel,,,,1E JERICHOSTR,76,,,,,,,,51.9294090270996,4.50754022598267,,,,,,,,,Kralingen/Crooswijk,,,A,07-06-2009,Conversie,
FT228,,,FT,,Fietstrommel,,,,MILLINXSTR,126,,,,,,,,51.8911514282227,4.49293994903564,,,,,,,,,Charlois,,,A,13-07-2010,STREPE,
FT229,,,FT,,Fietstrommel,,,,MYNSHERENLN,160,,,,,,,,51.8918418884277,4.48972988128662,,,,,,,,,Charlois,,,A,13-07-2010,STREPE,
FT23,,,FT,,Fietstrommel,,,,OOSTMAASLN,123,,,,,,,,51.9181709289551,4.51174020767212,,,,,,,,,Kralingen/Crooswijk,,,A,07-06-2009,Conversie,
FT230,,,FT,,Fietstrommel,,,,PR HENDRIKLN,38,,,,,,,,51.910758972168,4.4903302192688,,,,,,,,,Feijenoord,,,A,07-06-2009,Conversie,
FT231,,,FT,,Fietstrommel,,,,VD TAKSTR,118,,,,,,,,51.9138603210449,4.49666976928711,,,,,,,,,Feijenoord,,,A,07-06-2009,Conversie,
FT232,,,FT,,Fietstrommel,,,,PERSOONSSTR,65,,,,,,,,51.9102783203125,4.50669002532959,,,,,,,,,Feijenoord,,,A,13-07-2010,STREPE,
FT233,,,FT,,Fietstrommel,,,,MILLINXSTR,110,,,,,,,,51.8914909362793,4.492919921875,,,,,,,,,Charlois,,,A,07-06-2009,Conversie,
FT234,,,FT,,Fietstrommel,,,,MILLINXSTR,110,,,,,,,,51.8914909362793,4.49292993545532,,,,,,,,,Charlois,,,A,07-06-2009,Conversie,
FT235,,,FT,,Fietstrommel,,,,PR MAURITSSNGL,21,,,,,,,,51.937858581543,4.42414999008179,,,,,,,,,Overschie,,,A,07-06-2009,Conversie,
FT236,,,FT,,Fietstrommel,,,,A CUYPSTR,2,,,,,,,,51.938648223877,4.42669010162354,,,,,,,,,Overschie,,,A,13-07-2010,STREPE,
FT237,,,FT,,Fietstrommel,,,,DE LORMESTR,3,,,,,,,,51.9399108886719,4.42678022384644,,,,,,,,,Overschie,,,A,07-06-2009,Conversie,
FT238,,,FT,,Fietstrommel,,,,DE LORMESTR,3,,,,,,,,51.9399108886719,4.42679023742676,,,,,,,,,Overschie,,,A,07-06-2009,Conversie,
FT239,,,FT,,Fietstrommel,,,,BUTTERVLIETSTR,13,,,,,,,,51.9358901977539,4.43703985214233,,,,,,,,,Overschie,,,A,13-07-2010,BEHEER-STZ,
FT24,,,FT,,Fietstrommel,,,,OOSTMAASLN,123,,,,,,,,51.9181709289551,4.51175022125244,,,,,,,,,Kralingen/Crooswijk,,,A,07-06-2009,Conversie,
FT240,,,FT,,Fietstrommel,,,,SAENREDAMPLN,5,,,,,,,,51.9384918212891,4.42211008071899,,,,,,,,,Overschie,,,A,13-07-2010,STREPE,
FT241,,,FT,,Fietstrommel,,,,SAENREDAMPLN,5,,,,,,,,51.9384918212891,4.42212009429932,,,,,,,,,Overschie,,,A,13-07-2010,BEHEER-STZ,
FT242,,,FT,,Fietstrommel,,,,PROF BOLKLN,10,,,,,,,,51.9374618530273,4.42184019088745,,,,,,,,,Overschie,,,A,07-06-2009,Conversie,
FT243,,,FT,,Fietstrommel,,,,T JACOBALN,2,,,,,,,,51.9363784790039,4.42322015762329,,,,,,,,,Overschie,,,A,07-06-2009,Conversie,
FT244,,,FT,,Fietstrommel,,,,BURG BOSSTR,51,,,,,,,,51.9431686401367,4.42648983001709,,,,,,,,,Overschie,,,A,07-06-2009,Conversie,
FT245,,,FT,,Fietstrommel,,,,BURG BOSSTR,73,,,,,,,,51.9426689147949,4.42729997634888,,,,,,,,,Overschie,,,A,07-06-2009,Conversie,
FT246,,,FT,,Fietstrommel,,,,ZESTIENHOVENSEKD,5,,,,,,,,51.9408416748047,4.42292976379395,,,,,,,,,Overschie,,,A,07-06-2009,Conversie,
FT247,,,FT,,Fietstrommel,,,,P V ASCHSTR,45,,,,,,,,51.9394683837891,4.42446994781494,,,,,,,,,Overschie,,,A,13-07-2010,BEHEER-STZ,
FT248,,,FT,,Fietstrommel,,,,P V ASCHSTR,22,,,,,,,,51.9395904541016,4.42476987838745,,,,,,,,,Overschie,,,A,07-06-2009,Conversie,
FT249,,,FT,,Fietstrommel,,,,SCHIELN,23,,,,,,,,51.943790435791,4.42196989059448,,,,,,,,,Overschie,,,A,07-06-2009,Conversie,
FT25,,,FT,,Fietstrommel,,,,BREITNERSTR,89 a,,,,,,,,51.9141006469727,4.46696996688843,,,,,,,,,Centrum,,,A,07-06-2009,Conversie,
FT250,,,FT,,Fietstrommel,,,,ZESTIENHOVENSEKD,250,,,,,,,,51.9391784667969,4.43407011032105,,,,,,,,,Overschie  ,,,A,07-06-2009,Conversie,
FT251,,,FT,,Fietstrommel,,,,CLEYBURCHSTR,48,,,,,,,,51.9332504272461,4.45413017272949,,,,,,,,,Noord,,,A,13-07-2010,BEHEER-STZ,
FT252,,,FT,,Fietstrommel,,,,VD DUSSENSTR,10,,,,,,,,51.9310493469238,4.45658016204834,,,,,,,,,Noord,,,A,13-07-2010,STREPE,
FT253,,,FT,,Fietstrommel,,,,VD DUSSENSTR,12,,,,,,,,51.9310111999512,4.45643997192383,,,,,,,,,Noord,,,A,07-06-2009,Conversie,
FT254,,,FT,,Fietstrommel,,,,BYLWERFFSTR,20,,,,,,,,51.9324493408203,4.45712995529175,,,,,,,,,Noord,,,A,13-07-2010,STREPE,
FT255,,,FT,,Fietstrommel,,,,SOURYSTR,50,,,,,,,,51.9341201782227,4.45843982696533,,,,,,,,,Noord,,,A,07-06-2009,Conversie,
FT256,,,FT,,Fietstrommel,,,,SOURYSTR,50,,,,,,,,51.9341201782227,4.45844984054565,,,,,,,,,Noord,,,A,13-07-2010,STREPE,
FT257,,,FT,,Fietstrommel,,,,NOORDERHAVENKD,31,,,,,,,,51.9346694946289,4.4589900970459,,,,,,,,,Noord,,,A,07-06-2009,Conversie,
FT258,,,FT,,Fietstrommel,,,,NOORDERHAVENKD,65,,,,,,,,51.9339294433594,4.45963001251221,,,,,,,,,Noord,,,A,07-06-2009,Conversie,
FT259,,,FT,,Fietstrommel,,,,SONMANSSTR,138,,,,,,,,51.9324989318848,4.45989990234375,,,,,,,,,Noord,,,A,13-07-2010,BEHEER-STZ,
FT26,,,FT,,Fietstrommel,,,,BREITNERSTR,109 c,,,,,,,,51.9132499694824,4.46710014343262,,,,,,,,,Centrum,,,A,07-06-2009,Conversie,
FT260,,,FT,,Fietstrommel,,,,SONMANSSTR,140,,,,,,,,51.9324607849121,4.45992994308472,,,,,,,,,Noord,,,A,13-07-2010,STREPE,
FT261,,,FT,,Fietstrommel,,,,NOBELSTR,101,,,,,,,,51.9315185546875,4.45963001251221,,,,,,,,,Noord,,,A,13-07-2010,BEHEER-STZ,
FT262,,,FT,,Fietstrommel,,,,DE KEMPENAERSTR,12,,,,,,,,51.9353218078613,4.46193981170654,,,,,,,,,Noord,,,A,13-07-2010,STREPE,
FT263,,,FT,,Fietstrommel,,,,LUZACSTR,2,,,,,,,,51.9350090026856,4.46292018890381,,,,,,,,,Noord,,,A,07-06-2009,Conversie,
FT264,,,FT,,Fietstrommel,,,,KERDYKSTR,16,,,,,,,,51.9332618713379,4.46272993087769,,,,,,,,,Noord,,,A,01-04-2011,franno,
FT265,,,FT,,Fietstrommel,,,,BERGSELN,277,,,,,,,,51.9335784912109,4.46469020843506,,,,,,,,,Noord,,,A,13-07-2010,BEHEER-STZ,
FT266,,,FT,,Fietstrommel,,,,BERGSELN,305,,,,,,,,51.9328498840332,4.46362018585205,,,,,,,,,Noord,,,A,13-07-2010,STREPE,
FT267,,,FT,,Fietstrommel,,,,BERGSELN,338,,,,,,,,51.9336700439453,4.4651198387146,,,,,,,,,Noord,,,A,07-06-2009,Conversie,
FT268,,,FT,,Fietstrommel,,,,BERGSELN,364,,,,,,,,51.9329109191895,4.46403980255127,,,,,,,,,Noord,,,A,13-07-2010,STREPE,
FT269,,,FT,,Fietstrommel,,,,SCHIEWG,104,,,,,,,,51.9328193664551,4.46599006652832,,,,,,,,,Noord,,,A,13-07-2010,BEHEER-STZ,
FT27,,,FT,,Fietstrommel,,,,OCHTERVELTSTR,23,,,,,,,,51.9136199951172,4.46646022796631,,,,,,,,,Centrum,,,A,07-06-2009,Conversie,
FT270,,,FT,,Fietstrommel,,,,SCHIEWG,117,,,,,,,,51.9334182739258,4.46572017669678,,,,,,,,,Noord,,,A,07-06-2009,Conversie,
FT271,,,FT,,Fietstrommel,,,,STADHOUDERSWG,86,,,,,,,,51.9309806823731,4.46093988418579,,,,,,,,,Noord,,,A,13-07-2010,BEHEER-STZ,
FT272,,,FT,,Fietstrommel,,,,NOLENSSTR,69,,,,,,,,51.930061340332,4.46283006668091,,,,,,,,,Noord,,,A,13-07-2010,STREPE,
FT273,,,FT,,Fietstrommel,,,,NOLENSSTR,47,,,,,,,,51.9306297302246,4.46382999420166,,,,,,,,,Noord,,,A,13-07-2010,BEHEER-STZ,
FT274,,,FT,,Fietstrommel,,,,DOEZASTR,17,,,,,,,,51.928581237793,4.46339988708496,,,,,,,,,Noord,,,A,13-07-2010,STREPE,
FT275,,,FT,,Fietstrommel,,,,STATENSNGL,48,,,,,,,,51.9290885925293,4.46258020401001,,,,,,,,,Noord,,,A,13-07-2010,BEHEER-STZ,
FT276,,,FT,,Fietstrommel,,,,STATENSNGL,48,,,,,,,,51.9290885925293,4.46259021759033,,,,,,,,,Noord,,,A,13-07-2010,STREPE,
FT277,,,FT,,Fietstrommel,,,,STATENSNGL,29,,,,,,,,51.9301795959473,4.46572017669678,,,,,,,,,Noord,,,A,13-07-2010,BEHEER-STZ,
FT278,,,FT,,Fietstrommel,,,,STATIONSSNGL,107,,,,,,,,51.9263114929199,4.46345996856689,,,,,,,,,Noord,,,A,13-07-2010,STREPE,
FT279,,,FT,,Fietstrommel,,,,STATIONSSNGL,97,,,,,,,,51.9260101318359,4.46377992630005,,,,,,,,,Noord,,,A,13-07-2010,BEHEER-STZ,
FT28,,,FT,,Fietstrommel,,,,OCHTERVELTSTR,48,,,,,,,,51.9132385253906,4.4653000831604,,,,,,,,,Centrum,,,A,07-06-2009,Conversie,
FT280,,,FT,,Fietstrommel,,,,KL COOLSTR,11,,,,,,,,51.926929473877,4.46703004837036,,,,,,,,,Noord,,,A,07-06-2009,Conversie,
FT281,,,FT,,Fietstrommel,,,,SCHIEKD,764,,,,,,,,51.9282684326172,4.47407007217407,,,,,,,,,Noord,,,A,13-07-2010,BEHEER-STZ,
FT282,,,FT,,Fietstrommel,,,,SCHIEKD,42,,,,,,,,51.9305114746094,4.47060012817383,,,,,,,,,Noord,,,A,13-07-2010,STREPE,
FT283,,,FT,,Fietstrommel,,,,NOORDSNGL,160,,,,,,,,51.9315910339356,4.47535991668701,,,,,,,,,Noord,,,A,13-07-2010,BEHEER-STZ,
FT284,,,FT,,Fietstrommel,,,,BERGWG,270,,,,,,,,51.9334716796875,4.473219871521,,,,,,,,,Noord,,,A,07-06-2009,Conversie,
FT285,,,FT,,Fietstrommel,,,,BERGWG,265,,,,,,,,51.9343414306641,4.47452020645142,,,,,,,,,Noord,,,A,13-07-2010,BEHEER-STZ,
FT286,,,FT,,Fietstrommel,,,,BESEMERSTR,12,,,,,,,,51.9332008361816,4.45940017700195,,,,,,,,,Noord,,,A,13-07-2010,STREPE,
FT287,,,FT,,Fietstrommel,,,,G SCHOLTENSTR,80,,,,,,,,51.9341812133789,4.47767019271851,,,,,,,,,Noord,,,A,07-06-2009,Conversie,
FT288,,,FT,,Fietstrommel,,,,WILLEBRORDUSSTR,168,,,,,,,,51.9336013793945,4.4716100692749,,,,,,,,,Noord,,,A,07-06-2009,Conversie,
FT289,,,FT,,Fietstrommel,,,,BERGSNGL,133,,,,,,,,51.9332008361816,4.47138977050781,,,,,,,,,Noord,,,A,07-06-2009,Conversie,
FT29,,,FT,,Fietstrommel,,,,ROCHUSSENSTR,101,,,,,,,,51.9127883911133,4.46681022644043,,,,,,,,,Centrum,,,A,06-07-2010,STREPE,
FT290,,,FT,,Fietstrommel,,,,DE S LOHMANLN,90,,,,,,,,51.9361114501953,4.46745014190674,,,,,,,,,Noord,,,A,13-07-2010,STREPE,
FT291,,,FT,,Fietstrommel,,,,BERGSNGL,96,,,,,,,,51.9372596740723,4.46979999542236,,,,,,,,,Noord,,,A,07-06-2009,Conversie,
FT292,,,FT,,Fietstrommel,,,,GORDELWG,133,,,,,,,,51.9380416870117,4.46507978439331,,,,,,,,,Noord,,,A,13-07-2010,STREPE,
FT293,,,FT,,Fietstrommel,,,,GORDELWG,133,,,,,,,,51.9380416870117,4.46508979797363,,,,,,,,,Noord,,,A,07-06-2009,Conversie,
FT294,,,FT,,Fietstrommel,,,,GORDELWG,133,,,,,,,,51.9380416870117,4.46509981155396,,,,,,,,,Noord,,,A,13-07-2010,STREPE,
FT295,,,FT,,Fietstrommel,,,,GORDELWG,123,,,,,,,,51.9387588500977,4.46702003479004,,,,,,,,,Noord,,,A,13-07-2010,BEHEER-STZ,
FT296,,,FT,,Fietstrommel,,,,GORDELWG,123,,,,,,,,51.9387588500977,4.46703004837036,,,,,,,,,Noord,,,A,13-07-2010,STREPE,
FT297,,,FT,,Fietstrommel,,,,GORDELWG,123,,,,,,,,51.9387588500977,4.46704006195068,,,,,,,,,Noord,,,A,07-06-2009,Conversie,
FT298,,,FT,,Fietstrommel,,,,BERKELSELN, 89/91,,,,,,,,51.9375,4.47061014175415,,,,,,,,,Noord,,,A,07-06-2009,Conversie,
FT299,,,FT,,Fietstrommel,,,,RODENRYSELN,37,,,,,,,,51.9374694824219,4.4707498550415,,,,,,,,,Noord,,,A,13-07-2010,BEHEER-STZ,
FT3,,,FT,,Fietstrommel,,,,ESSENBURGSNGL,15A,,,,,,,,51.9228782653809,4.4606499671936,,,,,,,,,Delfshaven,,,A,06-07-2010,STREPE,
FT30,,,FT,,Fietstrommel,,,,ROCHUSSENSTR,107,,,,,,,,51.912540435791,4.46603012084961,,,,,,,,,Centrum,,,A,07-06-2009,Conversie,
FT300,,,FT,,Fietstrommel,,,,BERKELSELN,44,,,,,,,,51.9377708435059,4.47178983688355,,,,,,,,,Noord,,,A,13-07-2010,STREPE,
FT301,,,FT,,Fietstrommel,,,,GORDELWG,104,,,,,,,,51.939380645752,4.47121000289917,,,,,,,,,Noord,,,A,13-07-2010,BEHEER-STZ,
FT302,,,FT,,Fietstrommel,,,,GORDELWG,104,,,,,,,,51.939380645752,4.47122001647949,,,,,,,,,Noord,,,A,07-06-2009,Conversie,
FT303,,,FT,,Fietstrommel,,,,GORDELWG,104,,,,,,,,51.939380645752,4.47123003005981,,,,,,,,,Noord,,,A,07-06-2009,Conversie,
FT304,,,FT,,Fietstrommel,,,,DELFGAAUWSTR,29,,,,,,,,51.9389610290527,4.47274017333984,,,,,,,,,Noord,,,A,13-07-2010,STREPE,
FT305,,,FT,,Fietstrommel,,,,RODENRYSELN,2,,,,,,,,51.9351196289063,4.47279977798462,,,,,,,,,Noord,,,A,13-07-2010,BEHEER-STZ,
FT306,,,FT,,Fietstrommel,,,,VRYENBANSESTR,17/29,,,,,,,,51.9363212585449,4.47332000732422,,,,,,,,,Noord,,,A,13-07-2010,STREPE,
FT307,,,FT,,Fietstrommel,,,,VRYENBANSESTR,17/29,,,,,,,,51.9363212585449,4.47332000732422,,,,,,,,,Noord,,,A,07-06-2009,Conversie,
FT308,,,FT,,Fietstrommel,,,,BERGSELN,126,,,,,,,,51.9388389587402,4.47494983673096,,,,,,,,,Noord,,,A,13-07-2010,STREPE,
FT309,,,FT,,Fietstrommel,,,,NOBELSTR,113,,,,,,,,51.9319305419922,4.45931005477905,,,,,,,,,Noord,,,A,07-06-2009,Conversie,
FT31,,,FT,,Fietstrommel,,,,BREITNERSTR,89 c,,,,,,,,51.9141883850098,4.46703004837036,,,,,,,,,Centrum,,,A,07-06-2009,Conversie,
FT310,,,FT,,Fietstrommel,,,,LISSTR,2,,,,,,,,51.9388618469238,4.47569990158081,,,,,,,,,Noord,,,A,13-07-2010,STREPE,
FT311,,,FT,,Fietstrommel,,,,ST AGATHASTR,9,,,,,,,,51.9390983581543,4.47688007354736,,,,,,,,,Noord,,,A,13-07-2010,BEHEER-STZ,
FT312,,,FT,,Fietstrommel,,,,WILLEBRORDUSPLN,23,,,,,,,,51.9372291564941,4.47720003128052,,,,,,,,,Noord,,,A,13-07-2010,STREPE,
FT313,,,FT,,Fietstrommel,,,,SOETENDAALSEWG,91,,,,,,,,51.9392890930176,4.48066997528076,,,,,,,,,Noord,,,A,13-07-2010,BEHEER-STZ,
FT314,,,FT,,Fietstrommel,,,,SOETENDAALSEWG,91,,,,,,,,51.9392890930176,4.48066997528076,,,,,,,,,Noord,,,A,18-03-2011,OOMEBE,
FT315,,,FT,,Fietstrommel,,,,BLOKLANDSTR,63,,,,,,,,51.9361190795898,4.48353004455566,,,,,,,,,Noord,,,A,07-06-2009,Conversie,
FT316,,,FT,,Fietstrommel,,,,BLOKLANDSTR,67,,,,,,,,51.9361610412598,4.48334980010986,,,,,,,,,Noord,,,A,13-07-2010,STREPE,
FT317,,,FT,,Fietstrommel,,,,J CATSSTR,45,,,,,,,,51.9336013793945,4.48211002349854,,,,,,,,,Noord,,,A,07-06-2009,Conversie,
FT318,,,FT,,Fietstrommel,,,,SCHEPENSTR,76,,,,,,,,51.9287185668945,4.46503019332886,,,,,,,,,Noord,,,A,07-06-2009,Conversie,
FT319,,,FT,,Fietstrommel,,,,SCHEPENSTR,76,,,,,,,,51.9287185668945,4.46503019332886,,,,,,,,,Noord,,,A,07-06-2009,Conversie,
FT32,,,FT,,Fietstrommel,,,,KR ELLEBOOG,35,,,,,,,,51.9158706665039,4.47648000717163,,,,,,,,,Centrum,,,A,06-07-2010,STREPE,
FT320,,,FT,,Fietstrommel,,,,OOSTZEEDK,163A,,,,,,,,51.9223213195801,4.50350999832153,,,,,,,,,Kralingen/Crooswijk,,,A,13-07-2010,STREPE,
FT321,,,FT,,Fietstrommel,,,,OOSTZEEDK,25,,,,,,,,51.9187393188477,4.51572990417481,,,,,,,,,Kralingen/Crooswijk,,,A,13-07-2010,BEHEER-STZ,
FT322,,,FT,,Fietstrommel,,,,OOSTMAASLN,127,,,,,,,,51.9182014465332,4.51161003112793,,,,,,,,,Kralingen/Crooswijk,,,A,13-07-2010,STREPE,
FT323,,,FT,,Fietstrommel,,,,OOSTMAASLN,127,,,,,,,,51.9182014465332,4.51161003112793,,,,,,,,,Kralingen/Crooswijk,,,A,13-07-2010,BEHEER-STZ,
FT324,,,FT,,Fietstrommel,,,,OOSTMAASSTR,5,,,,,,,,51.9244117736816,4.50970983505249,,,,,,,,,Kralingen/Crooswijk,,,P,15-09-2010,STREPE,
FT325,,,FT,,Fietstrommel,,,,VOORSCHOTERLN,45,,,,,,,,51.9246711730957,4.51316976547241,,,,,,,,,Kralingen/Crooswijk,,,A,13-07-2010,BEHEER-STZ,
FT326,,,FT,,Fietstrommel,,,,PLANTAGEWG,5,,,,,,,,51.9292297363281,4.50512981414795,,,,,,,,,Kralingen/Crooswijk,,,A,13-07-2010,STREPE,
FT327,,,FT,,Fietstrommel,,,,PLANTAGEWG,16,,,,,,,,51.9285087585449,4.50467014312744,,,,,,,,,Kralingen/Crooswijk,,,A,13-07-2010,BEHEER-STZ,
FT328,,,FT,,Fietstrommel,,,,PLANTAGEWG,17,,,,,,,,51.9283905029297,4.50459003448486,,,,,,,,,Kralingen/Crooswijk,,,A,07-06-2009,Conversie,
FT329,,,FT,,Fietstrommel,,,,PLANTAGEWG,27,,,,,,,,51.9279899597168,4.50434017181397,,,,,,,,,Kralingen/Crooswijk,,,A,13-07-2010,BEHEER-STZ,
FT33,,,FT,,Fietstrommel,,,,2E JERICHOSTR,4,,,,,,,,51.9306602478027,4.50760984420776,,,,,,,,,Kralingen/Crooswijk,,,A,07-06-2009,Conversie,
FT330,,,FT,,Fietstrommel,,,,PLANTAGEWG,35,,,,,,,,51.9275093078613,4.50403022766113,,,,,,,,,Kralingen/Crooswijk,,,A,13-07-2010,STREPE,
FT331,,,FT,,Fietstrommel,,,,RAMLEHWG,38,,,,,,,,51.9302597045899,4.50371980667114,,,,,,,,,Kralingen/Crooswijk,,,A,07-06-2009,Conversie,
FT332,,,FT,,Fietstrommel,,,,RAMLEHWG,30,,,,,,,,51.9305801391602,4.50393009185791,,,,,,,,,Kralingen/Crooswijk,,,A,13-07-2010,STREPE,
FT333,,,FT,,Fietstrommel,,,,2E WANDELO DWSTR,7,,,,,,,,51.937671661377,4.49512004852295,,,,,,,,,Kralingen/Crooswijk,,,A,13-07-2010,BEHEER-STZ,
FT334,,,FT,,Fietstrommel,,,,KRALINGSE PLASLN,92,,,,,,,,51.9318199157715,4.50838994979858,,,,,,,,,Kralingen/Crooswijk,,,A,13-07-2010,STREPE,
FT335,,,FT,,Fietstrommel,,,,ROCHUSSENSTR,41,,,,,,,,51.9150810241699,4.46997976303101,,,,,,,,,Centrum,,,A,13-07-2010,BEHEER-STZ,
FT336,,,FT,,Fietstrommel,,,,DIERGAARDESNGL,19,,,,,,,,51.921989440918,4.466139793396,,,,,,,,,Centrum,,,A,07-06-2009,Conversie,
FT337,,,FT,,Fietstrommel,,,,BOOMPJES,55/56,,,,,,,,51.916259765625,4.48977994918823,,,,,,,,,Centrum,,,A,13-07-2010,BEHEER-STZ,
FT338,,,FT,,Fietstrommel,,,,PARKSTR,10,,,,,,,,51.9068908691406,4.47594976425171,,,,,,,,,Centrum,,,A,13-07-2010,STREPE,
FT339,,,FT,,Fietstrommel,,,,ZALMHAVEN,19,,,,,,,,51.9113807678223,4.48018980026245,,,,,,,,,Centrum,,,A,07-06-2009,Conversie,
FT34,,,FT,,Fietstrommel,,,,BERGWG,285,,,,,,,,51.9340896606445,4.47412014007568,,,,,,,,,Noord,,,A,07-06-2009,Conversie,
FT340,,,FT,,Fietstrommel,,,,ZALMHAVEN,19,,,,,,,,51.9113807678223,4.48018980026245,,,,,,,,,Centrum,,,A,07-06-2009,Conversie,
FT341,,,FT,,Fietstrommel,,,,WESTERSTR,24,,,,,,,,51.9094314575195,4.4817099571228,,,,,,,,,Centrum,,,A,07-06-2009,Conversie,
FT342,,,FT,,Fietstrommel,,,,OOSTMAASSTR,5,,,,,,,,51.9244117736816,4.50970983505249,,,,,,,,,Centrum,,,A,13-07-2010,STREPE,
FT343,,,FT,,Fietstrommel,,,,KLEIWG,265,,,,,,,,51.9267082214356,4.46585988998413,,,,,,,,,Hillegersberg,,,A,13-07-2010,BEHEER-STZ,
FT344,,,FT,,Fietstrommel,,,,MAASSTR,4,,,,,,,,51.9090690612793,4.48023986816406,,,,,,,,,Centrum,,,A,13-07-2010,STREPE,
FT345,,,FT,,Fietstrommel,,,,MAASSTR,18,,,,,,,,51.9085693359375,4.481369972229,,,,,,,,,Centrum,,,A,13-07-2010,BEHEER-STZ,
FT346,,,FT,,Fietstrommel,,,,HARINGVLIET,63,,,,,,,,51.9206581115723,4.49560022354126,,,,,,,,,Centrum,,,A,13-07-2010,STREPE,
FT347,,,FT,,Fietstrommel,,,,OPPERT,,,,,,,,,,,,,,,,,,,Centrum,,,A,13-07-2010,BEHEER-STZ,
FT348,,,FT,,Fietstrommel,,,,OPPERT,,,,,,,,,,,,,,,,,,,Centrum,,,A,13-07-2010,STREPE,
FT349,,,FT,,Fietstrommel,,,,MYNSHERENPLN,to 14,,,,,,,,51.8954200744629,4.49328994750977,,,,,,,,,Charlois,,,A,18-01-2012,OOMEBE,
FT35,,,FT,,Fietstrommel,,,,VD MEYDESTR,29,,,,,,,,51.9306983947754,4.45732021331787,,,,,,,,,Noord,,,A,07-06-2009,Conversie,
FT350,,,FT,,Fietstrommel,,,,MYNSHERENPLN,14,,,,,,,,51.8954200744629,4.49328994750977,,,,,,,,,Charlois,,,A,18-01-2012,OOMEBE,
FT351,,,FT,,Fietstrommel,,,,BOOMGAARDHOF,33,,,,,,,,51.917350769043,4.47581005096436,,,,,,,,,Centrum,,,A,13-07-2010,BEHEER-STZ,
FT352,,,FT,,Fietstrommel,,,,SCHIEDAMSESNGL,193,,,,,,,,51.9134483337402,4.4792799949646,,,,,,,,,Centrum,,,A,13-07-2010,STREPE,
FT353,,,FT,,Fietstrommel,,,,KIPSTR,29,,,,,,,,51.9230995178223,4.49167013168335,,,,,,,,,Centrum,,,A,13-07-2010,BEHEER-STZ,
FT354,,,FT,,Fietstrommel,,,,SCHIEDAMSESNGL,191,,,,,,,,51.9134902954102,4.4791898727417,,,,,,,,,Centrum,,,A,13-07-2010,STREPE,
FT355,,,FT,,Fietstrommel,,,,BREITNERSTR,98,,,,,,,,51.9131813049316,4.46716022491455,,,,,,,,,Centrum,,,A,07-06-2009,Conversie,
FT356,,,FT,,Fietstrommel,,,,S GRAVENDYKWAL,26,,,,,,,,51.9185409545898,4.46324014663696,,,,,,,,,Centrum,,,A,07-06-2009,Conversie,
FT357,,,FT,,Fietstrommel,,,,PRINSENHOF,25,,,,,,,,51.9232597351074,4.48686981201172,,,,,,,,,Centrum,,,A,13-07-2010,BEHEER-STZ,
FT358,,,FT,,Fietstrommel,,,,ROCHUSSENSTR,78,,,,,,,,51.9133415222168,4.46799993515015,,,,,,,,,Centrum,,,A,07-06-2009,Conversie,
FT359,,,FT,,Fietstrommel,,,,STIELTJESSTR, 6e,,,,,,,,51.9118881225586,4.49844980239868,,,,,,,,,Feijenoord,,,A,13-07-2010,BEHEER-STZ,
FT36,,,FT,,Fietstrommel,,,,WALENBURGERWG,8,,,,,,,,51.9306297302246,4.46925020217896,,,,,,,,,Noord,,,A,06-07-2010,STREPE,
FT360,,,FT,,Fietstrommel,,,,STIELTJESPLN,6,,,,,,,,51.9122695922852,4.49963998794556,,,,,,,,,Feijenoord,,,A,13-07-2010,STREPE,
FT361,,,FT,,Fietstrommel,,,,DONKERSLOOTSTR,21,,,,,,,,51.8939895629883,4.51612997055054,,,,,,,,,Feijenoord,,,A,13-07-2010,BEHEER-STZ,
FT362,,,FT,,Fietstrommel,,,,L HILLEWG,229,,,,,,,,51.8901100158691,4.49605989456177,,,,,,,,,Feijenoord,,,A,07-06-2009,Conversie,
FT363,,,FT,,Fietstrommel,,,,RYTUIGWG,1,,,,,,,,51.9056396484375,4.50625991821289,,,,,,,,,Feijenoord,,,A,13-07-2010,BEHEER-STZ,
FT364,,,FT,,Fietstrommel,,,,RYTUIGWG,1,,,,,,,,51.9056396484375,4.50625991821289,,,,,,,,,Feijenoord,,,A,07-06-2009,Conversie,
FT365,,,FT,,Fietstrommel,,,,PRETORIALN,4,,,,,,,,51.9018211364746,4.49694013595581,,,,,,,,,Feijenoord,,,A,13-07-2010,BEHEER-STZ,
FT366,,,FT,,Fietstrommel,,,,W VARKENOORDSEWG,121,,,,,,,,51.8903503417969,4.49804019927979,,,,,,,,,Feijenoord,,,A,17-11-2011,OOMEBE,
FT367,,,FT,,Fietstrommel,,,,KATENDRECHTSELN,61,,,,,,,,51.9004402160645,4.47771978378296,,,,,,,,,Feijenoord,,,A,13-07-2010,BEHEER-STZ,
FT368,,,FT,,Fietstrommel,,,,ZWYNDRECHTSESTR,28,,,,,,,,51.8934516906738,4.50471019744873,,,,,,,,,Feijenoord,,,A,07-06-2009,Conversie,
FT369,,,FT,,Fietstrommel,,,,PUTSELN,240,,,,,,,,51.897331237793,4.49601984024048,,,,,,,,,Feijenoord,,,A,07-06-2009,Conversie,
FT37,,,FT,,Fietstrommel,,,,C DE VRIESELN,30,,,,,,,,51.9166297912598,4.4594202041626,,,,,,,,,Delfshaven,,,A,07-06-2009,Conversie,
FT370,,,FT,,Fietstrommel,,,,GROENE HILLEDK,249,,,,,,,,51.8906517028809,4.50813007354736,,,,,,,,,Feijenoord,,,A,13-07-2010,STREPE,
FT371,,,FT,,Fietstrommel,,,,GROENE HILLEDK,249,,,,,,,,51.8906517028809,4.50813007354736,,,,,,,,,Feijenoord,,,A,13-07-2010,BEHEER-STZ,
FT372,,,FT,,Fietstrommel,,,,MAASKD,82,,,,,,,,51.9143409729004,4.49462985992432,,,,,,,,,Feijenoord,,,A,07-06-2009,Conversie,
FT373,,,FT,,Fietstrommel,,,,ROZEMARYNSTR,73,,,,,,,,,,,,,,,,,,Feijenoord,,,P,08-07-2011,OOMEBE,
FT374,,,FT,,Fietstrommel,,,,SLAGHEKSTR,99,,,,,,,,51.8974800109863,4.50927019119263,,,,,,,,,Feijenoord,,,A,07-06-2009,Conversie,
FT375,,,FT,,Fietstrommel,,,,RANDWG,79,,,,,,,,51.891658782959,4.51243019104004,,,,,,,,,Feijenoord,,,A,13-07-2010,BEHEER-STZ,
FT376,,,FT,,Fietstrommel,,,,HILLEVLIET,68,,,,,,,,51.8961296081543,4.50534009933472,,,,,,,,,Feijenoord,,,A,07-06-2009,Conversie,
FT377,,,FT,,Fietstrommel,,,,DONKERSLOOTSTR,135,,,,,,,,51.8914985656738,4.51686000823975,,,,,,,,,Feijenoord,,,A,13-07-2010,BEHEER-STZ,
FT378,,,FT,,Fietstrommel,,,,BEYERLANDSELN,15,,,,,,,,51.8989105224609,4.51034021377564,,,,,,,,,Feijenoord,,,A,13-07-2010,STREPE,
FT379,,,FT,,Fietstrommel,,,,STREVELSWG,194,,,,,,,,51.889461517334,4.49788999557495,,,,,,,,,Feijenoord,,,A,13-07-2010,BEHEER-STZ,
FT38,,,FT,,Fietstrommel,,,,R FRUINSTR,45,,,,,,,,51.9149208068848,4.45592021942139,,,,,,,,,Delfshaven,,,A,07-06-2009,Conversie,
FT380,,,FT,,Fietstrommel,,,,STREVELSWG,192,,,,,,,,51.889461517334,4.49797010421753,,,,,,,,,Feijenoord,,,A,13-07-2010,STREPE,
FT381,,,FT,,Fietstrommel,,,,STREVELSWG,91,,,,,,,,51.8896102905273,4.50036001205444,,,,,,,,,Feijenoord,,,A,14-07-2010,BEHEER-STZ,
FT382,,,FT,,Fietstrommel,,,,SLEEPHELLINGSTR,12,,,,,,,,51.9117584228516,4.49102020263672,,,,,,,,,Feijenoord,,,A,14-07-2010,STREPE,
FT383,,,FT,,Fietstrommel,,,,MAASKD,82,,,,,,,,51.9143409729004,4.49462985992432,,,,,,,,,Feijenoord,,,A,07-06-2009,Conversie,
FT384,,,FT,,Fietstrommel,,,,MAASKD,155,,,,,,,,51.9113616943359,4.48966979980469,,,,,,,,,Feijenoord,,,A,14-07-2010,STREPE,
FT385,,,FT,,Fietstrommel,,,,MAASKD,158,,,,,,,,51.9111785888672,4.48942995071411,,,,,,,,,Feijenoord,,,A,14-07-2010,BEHEER-STZ,
FT386,,,FT,,Fietstrommel,,,,MAASKD,160,,,,,,,,51.9110488891602,4.48928022384644,,,,,,,,,Feijenoord,,,A,07-06-2009,Conversie,
FT387,,,FT,,Fietstrommel,,,,RANDWG,148,,,,,,,,51.8906707763672,4.51438999176025,,,,,,,,,Feijenoord,,,A,14-07-2010,BEHEER-STZ,
FT388,,,FT,,Fietstrommel,,,,PR HENDRIKLN,30,,,,,,,,51.9109306335449,4.49062013626099,,,,,,,,,Feijenoord,,,A,14-07-2010,STREPE,
FT389,,,FT,,Fietstrommel,,,,PR HENDRIKKD,89,,,,,,,,51.9130783081055,4.49467992782593,,,,,,,,,Feijenoord,,,A,14-07-2010,BEHEER-STZ,
FT39,,,FT,,Fietstrommel,,,,ZWAERDECROONSTR,20,,,,,,,,51.9129295349121,4.46259021759033,,,,,,,,,Delfshaven,,,A,07-06-2009,Conversie,
FT390,,,FT,,Fietstrommel,,,,PR HENDRIKKD,114,,,,,,,,51.9117202758789,4.49388980865479,,,,,,,,,Feijenoord,,,A,14-07-2010,STREPE,
FT391,,,FT,,Fietstrommel,,,,LANGENHORST,255,,,,,,,,51.8748512268066,4.4942798614502,,,,,,,,,Charlois,,,A,14-07-2010,BEHEER-STZ,
FT392,,,FT,,Fietstrommel,,,,MOERKERKESTR,55,,,,,,,,51.8928413391113,4.49224996566772,,,,,,,,,Charlois,,,A,14-07-2010,STREPE,
FT393,,,FT,,Fietstrommel,,,,GRUTTOSTR,55,,,,,,,,51.8885612487793,4.46981000900269,,,,,,,,,Charlois,,,A,14-07-2010,BEHEER-STZ,
FT394,,,FT,,Fietstrommel,,,,GEERVLIETSTR,9,,,,,,,,51.8951187133789,4.48945999145508,,,,,,,,,Charlois,,,A,14-07-2010,STREPE,
FT395,,,FT,,Fietstrommel,,,,WEVERSHOEKSTR,37,,,,,,,,51.8897895812988,4.49259996414185,,,,,,,,,Charlois,,,A,14-07-2010,BEHEER-STZ,
FT396,,,FT,,Fietstrommel,,,,BOERGOENSESTR,66,,,,,,,,51.892520904541,4.47256994247437,,,,,,,,,Charlois,,,A,14-07-2010,STREPE,
FT397,,,FT,,Fietstrommel,,,,ZEGENSTR,89,,,,,,,,51.8880081176758,4.46783018112183,,,,,,,,,Charlois,,,A,14-07-2010,BEHEER-STZ,
FT398,,,FT,,Fietstrommel,,,,DAWESWG,20,,,,,,,,51.9622116088867,4.54393005371094,,,,,,,,,Omoord,,,A,14-07-2010,STREPE,
FT399,,,FT,,Fietstrommel,,,,SCHIELN,23,,,,,,,,51.943790435791,4.42196989059448,,,,,,,,,Overschie,,,A,14-07-2010,BEHEER-STZ,
FT4,,,FT,,Fietstrommel,,,,ESSENBURGSNGL,16B,,,,,,,,51.9228706359863,4.46053981781006,,,,,,,,,Delfshaven,,,A,06-07-2010,STREPE,
FT40,,,FT,,Fietstrommel,,,,SCHIETBAANLN,128,,,,,,,,51.9156799316406,4.45581007003784,,,,,,,,,Delfshaven,,,A,07-06-2009,Conversie,
FT400,,,FT,,Fietstrommel,,,,J LIGTHARTSTR,61,,,,,,,,51.8857307434082,4.49703979492188,,,,,,,,,Feijenoord,,,A,14-07-2010,STREPE,
FT401,,,FT,,Fietstrommel,,,,YSCLUBSTR,69,,,,,,,,51.9289703369141,4.50684022903442,,,,,,,,,Kralingen/Crooswijk,,,A,14-07-2010,BEHEER-STZ,
FT402,,,FT,,Fietstrommel,,,,2E JERICHOSTR,11,,,,,,,,51.9314613342285,4.50633001327515,,,,,,,,,Kralingen/Crooswijk,,,A,26-07-2011,OOMEBE,
FT403,,,FT,,Fietstrommel,,,,ESSENLN,16,,,,,,,,51.9228706359863,4.46053981781006,,,,,,,,,Kralingen/Crooswijk,,,A,14-07-2010,BEHEER-STZ,
FT404,,,FT,,Fietstrommel,,,,TAXUSSTR,3b,,,,,,,,51.9306411743164,4.50654983520508,,,,,,,,,Kralingen/Crooswijk,,,A,14-07-2010,STREPE,
FT405,,,FT,,Fietstrommel,,,,R BAELDESTR,62,,,,,,,,51.9241600036621,4.50506019592285,,,,,,,,,Kralingen/Crooswijk,,,A,07-06-2009,Conversie,
FT406,,,FT,,Fietstrommel,,,,GOUDSE RYWG,701,,,,,,,,51.9280891418457,4.4890398979187,,,,,,,,,Kralingen/Crooswijk,,,A,14-07-2010,STREPE,
FT407,,,FT,,Fietstrommel,,,,P POTTERSTR,30,,,,,,,,51.9240188598633,4.50865983963013,,,,,,,,,Kralingen/Crooswijk,,,A,14-07-2010,BEHEER-STZ,
FT408,,,FT,,Fietstrommel,,,,TAXUSSTR,3b,,,,,,,,51.9306411743164,4.50654983520508,,,,,,,,,Kralingen/Crooswijk,,,A,14-07-2010,STREPE,
FT409,,,FT,,Fietstrommel,,,,NOORDERHAVENKD,65,,,,,,,,51.9339294433594,4.45963001251221,,,,,,,,,Noord,,,A,14-07-2010,BEHEER-STZ,
FT41,,,FT,,Fietstrommel,,,,W BUYTEWECHSTR,120,,,,,,,,51.9066505432129,4.45743989944458,,,,,,,,,Delfshaven,,,A,07-06-2009,Conversie,
FT410,,,FT,,Fietstrommel,,,,2E JERICHOSTR,15 B,,,,,,,,51.9306488037109,4.50764989852905,,,,,,,,,Kralingen/Crooswijk,,,A,07-06-2009,Conversie,
FT411,,,FT,,Fietstrommel,,,,ZUIDHOEK,76,,,,,,,,,,,,,,,,,,Charlois,,,A,14-07-2010,BEHEER-STZ,
FT412,,,FT,,Fietstrommel,,,,ZUIDHOEK,269,,,,,,,,,,,,,,,,,,Charlois,,,A,14-07-2010,STREPE,
FT413,,,FT,,Fietstrommel,,,,JERICHOLN,63,,,,,,,,51.9308090209961,4.50675010681152,,,,,,,,,Kralingen/Crooswijk,,,A,14-07-2010,BEHEER-STZ,
FT414,,,FT,,Fietstrommel,,,,JERICHOLN,63,,,,,,,,51.9308090209961,4.50675010681152,,,,,,,,,Kralingen/Crooswijk,,,A,14-07-2010,STREPE,
FT415,,,FT,,Fietstrommel,,,,STATENSNGL,136,,,,,,,,51.9266510009766,4.45668983459473,,,,,,,,,Noord,,,A,14-07-2010,BEHEER-STZ,
FT416,,,FT,,Fietstrommel,,,,LUZACSTR,16,,,,,,,,51.9348411560059,4.46238994598389,,,,,,,,,Noord,,,A,14-07-2010,STREPE,
FT417,,,FT,,Fietstrommel,,,,BORSELAARSTR,19,,,,,,,,51.8921394348145,4.49203014373779,,,,,,,,,Charlois,,,A,26-01-2012,OOMEBE,
FT418,,,FT,,Fietstrommel,,,,AMELANDSEPLN,20,,,,,,,,51.8874015808106,4.48371982574463,,,,,,,,,Charlois,,,A,07-06-2009,Conversie,
FT419,,,FT,,Fietstrommel,,,,PLEINWG,197,,,,,,,,51.8919715881348,4.47798013687134,,,,,,,,,Charlois,,,A,07-06-2009,Conversie,
FT42,,,FT,,Fietstrommel,,,,W BUYTEWECHSTR,227,,,,,,,,51.9073791503906,4.45198011398315,,,,,,,,,Delfshaven,,,A,07-06-2009,Conversie,
FT420,,,FT,,Fietstrommel,,,,BERGSELN,76,,,,,,,,51.9391708374023,4.47642993927002,,,,,,,,,Noord,,,A,14-07-2010,STREPE,
FT421,,,FT,,Fietstrommel,,,,SONMANSSTR,138,,,,,,,,51.9324989318848,4.45989990234375,,,,,,,,,Noord,,,A,14-07-2010,BEHEER-STZ,
FT422,,,FT,,Fietstrommel,,,,SOURYSTR,50,,,,,,,,51.9341201782227,4.45844984054565,,,,,,,,,Noord,,,A,14-07-2010,STREPE,
FT423,,,FT,,Fietstrommel,,,,WILLEBRORDUSPLN,23,,,,,,,,51.9372291564941,4.47720003128052,,,,,,,,,Noord,,,A,14-07-2010,BEHEER-STZ,
FT424,,,FT,,Fietstrommel,,,,ZESTIENHOVENSEKD,5,,,,,,,,51.9408416748047,4.42292976379395,,,,,,,,,Overschie,,,A,07-06-2009,Conversie,
FT425,,,FT,,Fietstrommel,,,,BERGSE R ROTTEKD,hoek Prins Bernhard,,,,,,,,51.9458503723145,4.48958015441895,,,,,,,,,Hillegersberg,,,A,14-07-2010,BEHEER-STZ,
FT426,,,FT,,Fietstrommel,,,,PR MARGRIETLN,8,,,,,,,,51.9467506408691,4.4861102104187,,,,,,,,,Hillegersberg,,,A,07-06-2009,Conversie,
FT427,,,FT,,Fietstrommel,,,,BYLWERFFSTR,26 hoek statenweg,,,,,,,,51.9321594238281,4.45629978179932,,,,,,,,,Noord,,,A,14-07-2010,BEHEER-STZ,
FT428,,,FT,,Fietstrommel,,,,DORDTSELN,66,,,,,,,,51.8956108093262,4.49454021453857,,,,,,,,,Feijenoord,,,A,14-07-2010,STREPE,
FT429,,,FT,,Fietstrommel,,,,SCHALEKAMPPLN,onder Metrostation 25,,,,,,,,51.8850517272949,4.3815598487854,,,,,,,,,Pernis,,,A,14-07-2010,BEHEER-STZ,
FT43,,,FT,,Fietstrommel,,,,W BUYTEWECHSTR,213,,,,,,,,51.9071998596191,4.45334005355835,,,,,,,,,Delfshaven,,,A,07-06-2009,Conversie,
FT430,,,FT,,Fietstrommel,,,,SCHALEKAMPPLN,onder Metrostation 25,,,,,,,,51.8850517272949,4.3815598487854,,,,,,,,,Pernis,,,A,14-07-2010,STREPE,
FT431,,,FT,,Fietstrommel,,,,HOGERBEETSSTR,13,,,,,,,,51.9272308349609,4.45841979980469,,,,,,,,,Noord,,,A,07-06-2009,Conversie,
FT432,,,FT,,Fietstrommel,,,,HOGERBEETSSTR,13,,,,,,,,51.9272308349609,4.45841979980469,,,,,,,,0629476693,Noord,,,A,14-07-2010,STREPE,
FT433,,,FT,,Fietstrommel,,,,NOORDERHAVENKD,111,,,,,,,,51.9330902099609,4.46036005020142,,,,,,,,,Noord,,,A,07-06-2009,Conversie,
FT434,,,FT,,Fietstrommel,,,,PROVENIERSPLN,3,,,,,,,,51.9263000488281,4.46909999847412,,,,,,,,,Noord,,,A,22-02-2012,OOMEBE,
FT435,,,FT,,Fietstrommel,,,,PAETSSTR,4,,,,,,,,51.9275817871094,4.4585599899292,,,,,,,,0629476740,Noord,,,A,14-07-2010,BEHEER-STZ,
FT436,,,FT,,Fietstrommel,,,,SCHIEWG,61,,,,,,,,51.9318809509277,4.46706008911133,,,,,,,,,Noord,,,A,07-06-2009,Conversie,
FT437,,,FT,,Fietstrommel,,,,UNGERPLN,15,,,,,,,,51.9289398193359,4.47187995910645,,,,,,,,,Noord,,,A,07-06-2009,Conversie,
FT438,,,FT,,Fietstrommel,,,,WALENBURGERWG,120,,,,,,,,51.9265899658203,4.46346998214722,,,,,,,,,Noord,,,A,07-06-2009,Conversie,
FT439,,,FT,,Fietstrommel,,,,DORDTSELN,64,,,,,,,,51.8956604003906,4.49455976486206,,,,,,,,,Feijenoord,,,A,07-06-2009,Conversie,
FT44,,,FT,,Fietstrommel,,,,W BUYTEWECHSTR,50,,,,,,,,51.9072914123535,4.46036005020142,,,,,,,,,Delfshaven,,,A,06-07-2010,STREPE,
FT440,,,FT,,Fietstrommel,,,,HENEGOUWERPLN,2,,,,,,,,51.9213409423828,4.4628701210022,,,,,,,,,Delfshaven,,,A,07-06-2009,Conversie,
FT441,,,FT,,Fietstrommel,,,,HENEGOUWERPLN,2,,,,,,,,51.9213409423828,4.4628701210022,,,,,,,,,Delfshaven,,,A,07-06-2009,Conversie,
FT442,,,FT,,Fietstrommel,,,,BREEWG,16,,,,,,,,51.8907012939453,4.51857995986939,,,,,,,,,Feijenoord,,,A,07-06-2009,Conversie,
FT443,,,FT,,Fietstrommel,,,,BAKKERSTR, 29/31,,,,,,,,51.8856010437012,4.46327018737793,,,,,,,,,Charlois,,,A,14-07-2010,BEHEER-STZ,
FT444,,,FT,,Fietstrommel,,,,BENTINCKLN,29,,,,,,,,51.8917999267578,4.48969984054565,,,,,,,,,Noord,,,A,14-07-2010,STREPE,
FT445,,,FT,,Fietstrommel,,,,RIEKEROORD,21,,,,,,,,51.8830718994141,4.55202007293701,,,,,,,,,IJsselmonde,,,A,07-06-2009,Conversie,
FT446,,,FT,,Fietstrommel,,,,SPOORSNGL,48,,,,,,,,51.9278106689453,4.4679799079895,,,,,,,,,Noord,,,A,07-06-2009,Conversie,
FT447,,,FT,,Fietstrommel,,,,STADHOUDERSWG,117,,,,,,,,51.9307518005371,4.45973014831543,,,,,,,,,Noord,,,A,07-06-2009,Conversie,
FT448,,,FT,,Fietstrommel,,,,BERGSELN,328,,,,,,,,51.9329109191895,4.46403980255127,,,,,,,,,Noord,,,A,07-06-2009,Conversie,
FT449,,,FT,,Fietstrommel,,,,PROVENIERSSTR,32,,,,,,,,51.9272689819336,4.47301006317139,,,,,,,,,Noord,,,A,07-06-2009,Conversie,
FT45,,,FT,,Fietstrommel,,,,ROCHUSSENSTR,201,,,,,,,,51.9112510681152,4.4618501663208,,,,,,,,,Delfshaven,,,A,07-06-2009,Conversie,
FT450,,,FT,,Fietstrommel,,,,A VD DOESLN,119,,,,,,,,51.9585800170898,4.49256992340088,,,,,,,,,Hillegersberg,,,A,14-07-2010,STREPE,
FT451,,,FT,,Fietstrommel,,,,WEVERSHOEKSTR,65,,,,,,,,51.8899116516113,4.49102020263672,,,,,,,,,Charlois,,,A,14-07-2010,BEHEER-STZ,
FT452,,,FT,,Fietstrommel,,,,ROCHUSSENSTR,331,,,,,,,,51.9090003967285,4.4540901184082,,,,,,,,,Delfshaven,,,A,07-06-2009,Conversie,
FT453,,,FT,,Fietstrommel,,,,HOOIDRIFT,13,,,,,,,,51.9151306152344,4.45253992080689,,,,,,,,,Delfshaven,,,A,14-07-2010,BEHEER-STZ,
FT454,,,FT,,Fietstrommel,,,,GR FLORISSTR,110,,,,,,,,51.9188919067383,4.45665979385376,,,,,,,,,Delfshaven,,,A,07-06-2009,Conversie,
FT455,,,FT,,Fietstrommel,,,,ADAMSHOFSTR,naast 149,,,,,,,,51.9221382141113,4.50884008407593,,,,,,,,,Kralingen/Crooswijk,,,A,07-06-2009,Conversie,
FT456,,,FT,,Fietstrommel,,,,SAENREDAMPLN,3,,,,,,,,51.9384384155273,4.42199993133545,,,,,,,,,Overschie,,,A,07-06-2009,Conversie,
FT457,,,FT,,Fietstrommel,,,,NOORDSNGL,30,,,,,,,,51.929370880127,4.48100996017456,,,,,,,,,Noord,,,A,07-06-2009,Conversie,
FT458,,,FT,,Fietstrommel,,,,STADHOUDERSWG,117,,,,,,,,51.9307518005371,4.45973014831543,,,,,,,,,Noord,,,A,07-06-2009,Conversie,
FT459,,,FT,,Fietstrommel,,,,MEYERSPLN ,19,,,,,,,,51.9562187194824,4.46649980545044,,,,,,,,,Hillegersberg,,,A,07-06-2009,Conversie,
FT46,,,FT,,Fietstrommel,,,,GR FLORISSTR,64,,,,,,,,,,,,,,,,,,Delfshaven,,,A,06-07-2010,STREPE,
FT460,,,FT,,Fietstrommel,,,,MATHENESSERLN,424,,,,,,,,51.9141998291016,4.44944000244141,,,,,,,,,Delfshaven,,,A,01-02-2012,OOMEBE,
FT461,,,FT,,Fietstrommel,,,,MATHENESSERLN,424,,,,,,,,51.9141998291016,4.44944000244141,,,,,,,,,Delfshaven,,,A,01-03-2011,OOMEBE,
FT462,,,FT,,Fietstrommel,,,,S GRAVENDYKWAL,82-84,,,,,,,,51.9160308837891,4.4630298614502,,,,,,,,,Centrum,,,A,07-06-2009,Conversie,
FT463,,,FT,,Fietstrommel,,,,S GRAVENDYKWAL,82-84,,,,,,,,51.9160308837891,4.4630298614502,,,,,,,,,Centrum,,,A,07-06-2009,Conversie,
FT464,,,FT,,Fietstrommel,,,,S GRAVENDYKWAL,82-84,,,,,,,,51.9160308837891,4.4630298614502,,,,,,,,,Centrum,,,A,07-06-2009,Conversie,
FT465,,,FT,,Fietstrommel,,,,1E ST JANSHOF,15,,,,,,,,51.9235191345215,4.49566984176636,,,,,,,,,Centrum,,,A,07-06-2009,Conversie,
FT466,,,FT,,Fietstrommel,,,,WOLPHAERTSBOCHT,347,,,,,,,,51.8922882080078,4.4803900718689,,,,,,,,,Charlois,,,A,14-07-2010,STREPE,
FT467,,,FT,,Fietstrommel,,,,B JUNGERIUSSTR,13,,,,,,,,51.8906517028809,4.48666000366211,,,,,,,,,Charlois,,,A,14-07-2010,BEHEER-STZ,
FT468,,,FT,,Fietstrommel,,,,STATENWG,56,,,,,,,,51.9324798583984,4.4570198059082,,,,,,,,,Noord,,,A,14-07-2010,STREPE,
FT469,,,FT,,Fietstrommel,,,,BISSCHOPSTR,33,,,,,,,,51.9329414367676,4.45674991607666,,,,,,,,,Noord,,,A,14-07-2010,BEHEER-STZ,
FT47,,,FT,,Fietstrommel,,,,MAASKD,104,,,,,,,,51.9134101867676,4.49306011199951,,,,,,,,,Feijenoord,,,A,07-06-2009,Conversie,
FT470,,,FT,,Fietstrommel,,,,W G WITTEVEENPLN,19,,,,,,,,51.9072494506836,4.49969005584717,,,,,,,,,Feijenoord,,,A,14-07-2010,STREPE,
FT471,,,FT,,Fietstrommel,,,,W G WITTEVEENPLN,19,,,,,,,,51.9072494506836,4.49969005584717,,,,,,,,,Feijenoord,,,A,14-07-2010,BEHEER-STZ,
FT472,,,FT,,Fietstrommel,,,,SCHIEDAMSESNGL,181,,,,,,,,51.9137191772461,4.47882986068726,,,,,,,,,Centrum,,,A,07-06-2009,Conversie,
FT473,,,FT,,Fietstrommel,,,,KORTENAERSTR,38,,,,,,,,51.9134407043457,4.47635984420776,,,,,,,,,Centrum,,,A,07-06-2009,Conversie,
FT474,,,FT,,Fietstrommel,,,,KORTENAERSTR,38,,,,,,,,51.9134407043457,4.47635984420776,,,,,,,,,Centrum,,,A,07-06-2009,Conversie,
FT475,,,FT,,Fietstrommel,,,,HARINGVLIET,2,,,,,,,,51.9206581115723,4.49803018569946,,,,,,,,,Centrum,,,A,07-06-2009,Conversie,
FT476,,,FT,,Fietstrommel,,,,HENEGOUWERLN,124,,,,,,,,51.9192886352539,4.46339988708496,,,,,,,,,Centrum,,,A,07-06-2009,Conversie,
FT477,,,FT,,Fietstrommel,,,,AKELEISTR,24,,,,,,,,51.9213104248047,4.46341991424561,,,,,,,,,Centrum,,,A,07-06-2009,Conversie,
FT478,,,FT,,Fietstrommel,,,,CLEYBURCHSTR,16,,,,,,,,51.9342613220215,4.457200050354,,,,,,,,,Noord,,,A,07-06-2009,Conversie,
FT479,,,FT,,Fietstrommel,,,,1E PYNACKERSTR,113,,,,,,,,51.9338188171387,4.48123979568481,,,,,,,,,Noord,,,A,14-07-2010,BEHEER-STZ,
FT48,,,FT,,Fietstrommel,,,,2E PIOENSTR,41-45,,,,,,,,51.8943290710449,4.50311994552612,,,,,,,,,Feijenoord,,,A,06-07-2010,STREPE,
FT480,,,FT,,Fietstrommel,,,,TOLLENSSTR,108,,,,,,,,51.9301910400391,4.48094987869263,,,,,,,,,Noord,,,A,14-07-2010,STREPE,
FT481,,,FT,,Fietstrommel,,,,TOLLENSSTR,96,,,,,,,,51.9305000305176,4.48123979568481,,,,,,,,,Noord,,,A,07-06-2009,Conversie,
FT482,,,FT,,Fietstrommel,,,,SCHIEWG,7,,,,,,,,51.9312896728516,4.46873998641968,,,,,,,,,Noord,,,A,14-07-2010,STREPE,
FT483,,,FT,,Fietstrommel,,,,CARNISSELN,55,,,,,,,,51.8890190124512,4.47855997085571,,,,,,,,,Charlois,,,A,07-06-2009,Conversie,
FT484,,,FT,,Fietstrommel,,,,BURG MEINESZLN,79,,,,,,,,51.9188194274902,4.45101976394653,,,,,,,,,Delfshaven,,,A,14-07-2010,STREPE,
FT485,,,FT,,Fietstrommel,,,,BARONIESTR,54,,,,,,,,51.9433288574219,4.47673988342285,,,,,,,,0633579756,Hillegersberg,,,A,14-07-2010,STREPE,
FT486,,,FT,,Fietstrommel,,,,DORDTSELN,214,,,,,,,,51.8906784057617,4.49408006668091,,,,,,,,0653151487,Feijenoord,,,A,14-07-2010,STREPE,
FT487,,,FT,,Fietstrommel,,,,DORDTSELN,234,,,,,,,,51.8902702331543,4.49410009384155,,,,,,,,0653151495,Feijenoord,,,A,14-07-2010,STREPE,
FT488,,,FT,,Fietstrommel,,,,DORDTSELN,84,,,,,,,,51.8950500488281,4.49424982070923,,,,,,,,0653151967,Feijenoord,,,A,14-07-2010,STREPE,
FT489,,,FT,,Fietstrommel,,,,NARCISSENSTR,53,,,,,,,,51.8919486999512,4.49492979049683,,,,,,,,0653152069,Feijenoord,,,A,14-07-2010,BEHEER-STZ,
FT49,,,FT,,Fietstrommel,,,,DR ZAMENHOFSTR,57,,,,,,,,51.9235801696777,4.50151014328003,,,,,,,,,Kralingen/Crooswijk,,,A,06-07-2010,STREPE,
FT490,,,FT,,Fietstrommel,,,,DAHLIASTR, 17,,,,,,,,51.8952407836914,4.50415992736816,,,,,,,,0653152219,Feijenoord,,,A,14-07-2010,STREPE,
FT491,,,FT,,Fietstrommel,,,,PIMPERNELSTR,37,,,,,,,,51.8945808410645,4.49559020996094,,,,,,,,0653152239,Feijenoord,,,A,14-07-2010,BEHEER-STZ,
FT492,,,FT,,Fietstrommel,,,,STRUITENWG,42,,,,,,,,51.8861312866211,4.46294021606445,,,,,,,,0653152289,Charlois,,,A,14-07-2010,STREPE,
FT493,,,FT,,Fietstrommel,,,,SCHERE,218,,,,,,,,51.874870300293,4.48477983474731,,,,,,,,0653152360,Charlois,,,A,14-07-2010,BEHEER-STZ,
FT494,,,FT,,Fietstrommel,,,,KATEND LAGEDK,118,,,,,,,,51.8928985595703,4.48287010192871,,,,,,,,0653152398,Charlois,,,A,17-05-2011,STREPE,
FT495,,,FT,,Fietstrommel,,,,K DE STOUTEPLN,1,,,,,,,,51.893970489502,4.47116994857788,,,,,,,,0653152496,Charlois,,,A,14-07-2010,BEHEER-STZ,
FT496,,,FT,,Fietstrommel,,,,PR MAURITSSNGL,21,,,,,,,,51.937858581543,4.42414999008179,,,,,,,,0653152502,Overschie,,,A,14-07-2010,STREPE,
FT497,,,FT,,Fietstrommel,,,,PR MAURITSSNGL,21,,,,,,,,51.937858581543,4.42414999008179,,,,,,,,0653150924,Overschie,,,A,14-07-2010,BEHEER-STZ,
FT498,,,FT,,Fietstrommel,,,,BEUKELSDK,20,,,,,,,,51.9217109680176,4.45893001556397,,,,,,,,0653150286,Delfshaven,,,A,14-07-2010,STREPE,
FT499,,,FT,,Fietstrommel,,,,BEUKELSWG,61,,,,,,,,51.9200286865234,4.44441986083984,,,,,,,,0653150340,Delfshaven,,,A,14-07-2010,BEHEER-STZ,
FT5,,,FT,,Fietstrommel,,,,ESSENBURGSNGL,22B,,,,,,,,51.9228286743164,4.45988988876343,,,,,,,,,Delfshaven,,,A,06-07-2010,STREPE,
FT50,,,FT,,Fietstrommel,,,,DR ZAMENHOFSTR,59,,,,,,,,51.9235000610352,4.50146007537842,,,,,,,,,Kralingen/Crooswijk,,,A,07-06-2009,Conversie,
FT500,,,FT,,Fietstrommel,,,,BEUKELSWG,8,,,,,,,,51.9198417663574,4.44700002670288,,,,,,,,0653151660,Delfshaven,,,A,14-07-2010,STREPE,
FT501,,,FT,,Fietstrommel,,,,ESSENBURGSTR,45,,,,,,,,51.9221000671387,4.45201015472412,,,,,,,,0653151706,Delfshaven,,,A,14-07-2010,BEHEER-STZ,
FT502,,,FT,,Fietstrommel,,,,HEEMRAADSSNGL,197,,,,,,,,51.9162483215332,4.45431995391846,,,,,,,,0653150378,Delfshaven,,,A,14-07-2010,STREPE,
FT503,,,FT,,Fietstrommel,,,,HEEMRAADSSNGL,253,,,,,,,,51.9143295288086,4.45444011688232,,,,,,,,0653150563,Delfshaven,,,A,14-07-2010,BEHEER-STZ,
FT504,,,FT,,Fietstrommel,,,,MATHENESSERLN,256,,,,,,,,51.9143791198731,4.44460010528564,,,,,,,,0653150686,Delfshaven,,,A,14-07-2010,STREPE,
FT505,,,FT,,Fietstrommel,,,,V CITTERSSTR,28,,,,,,,,51.9187507629395,4.44677019119263,,,,,,,,0653150716,Delfshaven,,,A,14-07-2010,BEHEER-STZ,
FT506,,,FT,,Fietstrommel,,,,J V AVENNESSTR,9,,,,,,,,51.9207916259766,4.4594202041626,,,,,,,,0653150793,Delfshaven,,,A,14-07-2010,STREPE,
FT507,,,FT,,Fietstrommel,,,,S MULLERPLN,3,,,,,,,,51.9136085510254,4.44732999801636,,,,,,,,0653150819,Delfshaven,,,A,14-07-2010,BEHEER-STZ,
FT508,,,FT,,Fietstrommel,,,,BEUKELSDK,106,,,,,,,,51.920711517334,4.45263004302979,,,,,,,,0653149825,Delfshaven,,,A,14-07-2010,STREPE,
FT509,,,FT,,Fietstrommel,,,,BURG MEINESZLN,13,,,,,,,,51.9175796508789,4.45370006561279,,,,,,,,0653149494,Delfshaven,,,A,14-07-2010,BEHEER-STZ,
FT51,,,FT,,Fietstrommel,,,,MOLENVYVER,25,,,,,,,,51.9558601379395,4.47478008270264,,,,,,,,,Hillegersberg,,,A,07-06-2009,Conversie,
FT510,,,FT,,Fietstrommel,,,,ESSENBURGSNGL,103,,,,,,,,51.9215316772461,4.44730997085571,,,,,,,,0653149643,Delfshaven,,,A,14-07-2010,STREPE,
FT511,,,FT,,Fietstrommel,,,,MATHENESSERLN,452,,,,,,,,51.9145584106445,4.44446992874146,,,,,,,,0653149683,Delfshaven,,,A,14-07-2010,BEHEER-STZ,
FT512,,,FT,,Fietstrommel,,,,PUPILLENSTR,28,,,,,,,,51.9121894836426,4.45001983642578,,,,,,,,0653149708,Delfshaven,,,A,14-07-2010,STREPE,
FT513,,,FT,,Fietstrommel,,,,BERGSELN,57,,,,,,,,51.9382286071777,4.47414016723633,,,,,,,,0633579773,Noord,,,A,14-07-2010,STREPE,
FT514,,,FT,,Fietstrommel,,,,BERGSELN,238/244,,,,,,,,51.9353294372559,4.47092008590698,,,,,,,,0633579772,Noord,,,A,14-07-2010,STREPE,
FT515,,,FT,,Fietstrommel,,,,BERGSELN,238/244,,,,,,,,51.9353294372559,4.47092008590698,,,,,,,,0633579770,Noord,,,A,14-07-2010,STREPE,
FT516,,,FT,,Fietstrommel,,,,BESEMERSTR,10,,,,,,,,51.9332389831543,4.45952987670898,,,,,,,,0633579769,Noord,,,A,14-07-2010,STREPE,
FT517,,,FT,,Fietstrommel,,,,A KUYPERLN,73/75,,,,,,,,51.9343490600586,4.46297979354858,,,,,,,,0633579768,Noord,,,A,14-07-2010,STREPE,
FT518,,,FT,,Fietstrommel,,,,BERKELSELN,74,,,,,,,,51.9374694824219,4.470290184021,,,,,,,,0633579744,Noord,,,A,14-07-2010,STREPE,
FT519,,,FT,,Fietstrommel,,,,DELFGAAUWSTR,48,,,,,,,,51.9388618469238,4.47166013717651,,,,,,,,0633579743,Noord,,,A,14-07-2010,STREPE,
FT52,,,FT,,Fietstrommel,,,,K VD BERGELN,34,,,,,,,,51.9571495056152,4.49129009246826,,,,,,,,,Hillegersberg,,,A,07-06-2009,Conversie,
FT520,,,FT,,Fietstrommel,,,,G V PRINSTERERSTR,23,,,,,,,,51.9347381591797,4.46155023574829,,,,,,,,0633579742,Noord,,,A,14-07-2010,STREPE,
FT521,,,FT,,Fietstrommel,,,,KL COOLSTR,36,,,,,,,,51.9267082214356,4.46585988998413,,,,,,,,0633579741,Noord,,,A,14-07-2010,STREPE,
FT522,,,FT,,Fietstrommel,,,,NOBELSTR,88,,,,,,,,51.9324607849121,4.45884990692139,,,,,,,,0633579740,Noord,,,A,14-07-2010,STREPE,
FT523,,,FT,,Fietstrommel,,,,NOBELSTR,101,,,,,,,,51.9315185546875,4.45963001251221,,,,,,,,0633579739,Noord,,,A,14-07-2010,STREPE,
FT524,,,FT,,Fietstrommel,,,,NOLENSSTR,67,,,,,,,,51.9300994873047,4.4628701210022,,,,,,,,0633579738,Noord,,,A,14-07-2010,STREPE,
FT525,,,FT,,Fietstrommel,,,,NOORDERHAVENKD,21,,,,,,,,51.9348907470703,4.45879983901978,,,,,,,,0633579737,Noord,,,A,15-07-2010,STREPE,
FT526,,,FT,,Fietstrommel,,,,NOORDERHAVENKD,47,,,,,,,,51.9343185424805,4.45929002761841,,,,,,,,0633579736,Noord,,,A,14-07-2010,STREPE,
FT527,,,FT,,Fietstrommel,,,,NOORDERHAVENKD,87,,,,,,,,51.9334411621094,4.46005010604858,,,,,,,,0633579735,Noord,,,A,14-07-2010,STREPE,
FT528,,,FT,,Fietstrommel,,,,NOORDSNGL,33,,,,,,,,51.9298210144043,4.48089981079102,,,,,,,,0633579734,Noord,,,A,01-02-2013,STREPE,
FT529,,,FT,,Fietstrommel,,,,UNGERPLN,12,,,,,,,,51.9291610717773,4.47147989273071,,,,,,,,0633579733,Noord,,,A,14-07-2010,STREPE,
FT53,,,FT,,Fietstrommel,,,,PRINSENHOF,27,,,,,,,,51.9230690002441,4.4871301651001,,,,,,,,,Centrum,,,A,07-06-2009,Conversie,
FT530,,,FT,,Fietstrommel,,,,NOORDSNGL,134,,,,,,,,51.9311981201172,4.47635984420776,,,,,,,,0633579732,Noord,,,A,14-07-2010,STREPE,
FT531,,,FT,,Fietstrommel,,,,DE S LOHMANLN,79,,,,,,,,51.9363403320313,4.46690988540649,,,,,,,,0633579731,Noord,,,A,14-07-2010,STREPE,
FT532,,,FT,,Fietstrommel,,,,SCHEPENSTR,56,,,,,,,,51.9299201965332,4.46623992919922,,,,,,,,0633579730,Noord,,,A,14-07-2010,STREPE,
FT533,,,FT,,Fietstrommel,,,,SCHEPENSTR,78,,,,,,,,51.928638458252,4.46493005752564,,,,,,,,0633579729,Noord,,,A,14-07-2010,STREPE,
FT534,,,FT,,Fietstrommel,,,,SCHEPENSTR,93,,,,,,,,51.9280395507812,4.46412992477417,,,,,,,,0633579728,Noord,,,A,14-07-2010,STREPE,
FT535,,,FT,,Fietstrommel,,,,SCHEPENSTR,94,,,,,,,,51.9275894165039,4.46354007720947,,,,,,,,0633579727,Noord,,,A,14-07-2010,STREPE,
FT536,,,FT,,Fietstrommel,,,,A KUYPERLN,56,,,,,,,,51.9348793029785,4.46456003189087,,,,,,,,0633579726,Noord,,,A,14-07-2010,STREPE,
FT537,,,FT,,Fietstrommel,,,,STATIONSSNGL,63,,,,,,,,51.9253883361816,4.46527004241943,,,,,,,,0633579725,Noord,,,A,14-07-2010,STREPE,
FT538,,,FT,,Fietstrommel,,,,STATIONSSNGL,63,,,,,,,,51.9253883361816,4.46527004241943,,,,,,,,0633579724,Noord,,,A,14-07-2010,STREPE,
FT539,,,FT,,Fietstrommel,,,,BESEMERSTR,10,,,,,,,,51.9332389831543,4.45952987670898,,,,,,,,0633579723,Noord,,,A,14-07-2010,STREPE,
FT54,,,FT,,Fietstrommel,,,,PRINSENHOF,13,,,,,,,,51.9234809875488,4.48733997344971,,,,,,,,,Centrum,,,A,07-06-2009,Conversie,
FT540,,,FT,,Fietstrommel,,,,HEEMRAADSSNGL,205,,,,,,,,51.915958404541,4.4543399810791,,,,,,,,0653155423,Delfshaven,,,A,14-07-2010,STREPE,
FT541,,,FT,,Fietstrommel,,,,SPOORSNGL,69,,,,,,,,51.9260902404785,4.46823978424072,,,,,,,,0653155450,Noord,,,A,14-07-2010,STREPE,
FT542,,,FT,,Fietstrommel,,,,VIRULYPLN,11,,,,,,,,51.9197311401367,4.4507098197937,,,,,,,,0653155545,West,,,A,14-07-2010,STREPE,
FT543,,,FT,,Fietstrommel,,,,MATHENESSERLN,346,,,,,,,,51.9117202758789,4.44678020477295,,,,,,,,0653155680,West,,,A,14-07-2010,STREPE,
FT544,,,FT,,Fietstrommel,,,,SCHIETBAANLN,112,,,,,,,,51.9156799316406,4.45609998703003,,,,,,,,0653155769,Centrum,,,A,15-07-2010,STREPE,
FT545,,,FT,,Fietstrommel,,,,SCHIETBAANLN,,,,,,,,,51.9156799316406,4.45585012435913,,,,,,,,0653155823,Centrum,,,A,15-07-2010,STREPE,
FT546,,,FT,,Fietstrommel,,,,HEEMRAADSSNGL,239,,,,,,,,51.9149017333984,4.45439004898071,,,,,,,,0653155860,Delfshaven,,,A,15-07-2010,STREPE,
FT547,,,FT,,Fietstrommel,,,,PERSYNSTR,10,,,,,,,,51.9206581115723,4.45653009414673,,,,,,,,0653156067,Delfshaven,,,A,15-07-2010,STREPE,
FT548,,,FT,,Fietstrommel,,,,MATHENESSERDK,295,,,,,,,,51.9151916503906,4.44393014907837,,,,,,,,,Delfshaven,,,A,15-07-2010,STREPE,
FT549,,,FT,,Fietstrommel,,,,MATHENESSERDK,295,,,,,,,,,,,,,,,,,,Delfshaven,,,A,15-07-2010,STREPE,
FT55,,,FT,,Fietstrommel,,,,TOMMANDERSHOF,107e,,,,,,,,51.919490814209,4.47332000732422,,,,,,,,,Centrum,,,A,07-06-2009,Conversie,
FT550,,,FT,,Fietstrommel,,,,MATHENESSERDK,305,,,,,,,,,,,,,,,,,,Delfshaven,,,A,15-07-2010,STREPE,
FT551,,,FT,,Fietstrommel,,,,MATHENESSERDK,309,,,,,,,,,,,,,,,,,,Delfshaven,,,A,15-07-2010,STREPE,
FT552,,,FT,,Fietstrommel,,,,STADHOUDERSWG,112,,,,,,,,51.930549621582,4.45966005325317,,,,,,,,0633540967,Noord,,,A,15-07-2010,STREPE,
FT553,,,FT,,Fietstrommel,,,,MATHENESSERLN,209,,,,,,,,,,,,,,,,,0633540968,Centrum,,,A,15-07-2010,STREPE,
FT554,,,FT,,Fietstrommel,,,,2E JERICHOSTR,11,,,,,,,,51.9308090209961,4.50755977630615,,,,,,,,0633540969,Noord,,,A,03-08-2011,OOMEBE,
FT555,,,FT,,Fietstrommel,,,,NOORDSNGL,26-28,,,,,,,,,,,,,,,,,0633540970,Noord,,,A,15-07-2010,STREPE,
FT556,,,FT,,Fietstrommel,,,,BEUKELSWG,86,,,,,,,,51.9200592041016,4.44406986236572,,,,,,,,0633540971,Delfshaven,,,A,15-07-2010,STREPE,
FT557,,,FT,,Fietstrommel,,,,DELFGAAUWSTR,51,,,,,,,,51.938850402832,4.47163009643555,,,,,,,,0633540972,Noord,,,A,15-07-2010,STREPE,
FT558,,,FT,,Fietstrommel,,,,SCHERMLN,2,,,,,,,,51.9170112609863,4.46257019042969,,,,,,,,0633540973,Delfshaven,,,A,15-07-2010,STREPE,
FT559,,,FT,,Fietstrommel,,,,ESSENBURGSNGL,15,,,,,,,,51.9228782653809,4.4606499671936,,,,,,,,0633540974,Delfshaven,,,A,15-07-2010,STREPE,
FT56,,,FT,,Fietstrommel,,,,GAFFELSTR,108,,,,,,,,51.9192390441895,4.46824979782105,,,,,,,,,Centrum,,,A,06-07-2010,STREPE,
FT560,,,FT,,Fietstrommel,,,,ESSENBURGSNGL,139,,,,,,,,51.9209098815918,4.444739818573,,,,,,,,0633540975,Delfshaven,,,A,15-07-2010,STREPE,
FT561,,,FT,,Fietstrommel,,,,C DE VRIESELN,49,,,,,,,,51.9162292480469,4.45921993255615,,,,,,,,0633540976,Delfshaven,,,A,15-07-2010,STREPE,
FT562,,,FT,,Fietstrommel,,,,GR FLORISSTR,98,,,,,,,,51.919189453125,4.45702981948853,,,,,,,,0633540977,Delfshaven,,,A,15-07-2010,STREPE,
FT563,,,FT,,Fietstrommel,,,,C DE VRIESELN,43,,,,,,,,51.916389465332,4.45920991897583,,,,,,,,0633540978,Delfshaven,,,A,15-07-2010,STREPE,
FT564,,,FT,,Fietstrommel,,,,S GRAVENDYKWAL,161,,,,,,,,51.9123306274414,4.46337985992432,,,,,,,,0633540979,Delfshaven,,,A,15-07-2010,STREPE,
FT565,,,FT,,Fietstrommel,,,,SCHIETBAANLN,2,,,,,,,,51.9155998229981,4.46261978149414,,,,,,,,0633540980,Delfshaven,,,A,15-07-2010,STREPE,
FT566,,,FT,,Fietstrommel,,,,BURG MEINESZLN,71,,,,,,,,51.9186515808106,4.45142984390259,,,,,,,,0633540981,Delfshaven,,,A,15-07-2010,STREPE,
FT567,,,FT,,Fietstrommel,,,,BEUKELSWG,19,,,,,,,,51.9198684692383,4.44652986526489,,,,,,,,0633540982,Delfshaven,,,A,15-07-2010,STREPE,
FT568,,,FT,,Fietstrommel,,,,BEUKELSDK,165,,,,,,,,51.9203681945801,4.45101022720337,,,,,,,,0633540983,Delfshaven,,,A,15-07-2010,STREPE,
FT569,,,FT,,Fietstrommel,,,,ROCHUSSENSTR,285,,,,,,,,51.909481048584,4.45652008056641,,,,,,,,0633540984,Delfshaven,,,A,15-07-2010,STREPE,
FT57,,,FT,,Fietstrommel,,,,SCHIELN,62/64,,,,,,,,51.9441413879395,4.42282009124756,,,,,,,,,Overschie,,,A,06-07-2010,STREPE,
FT570,,,FT,,Fietstrommel,,,,SCHIETBAANLN,6,,,,,,,,,,,,,,,,,0633540985,Delfshaven,,,A,15-07-2010,STREPE,
FT571,,,FT,,Fietstrommel,,,,MATHENESSERLN,454,,,,,,,,51.9145584106445,4.44446992874146,,,,,,,,0633540986,Delfshaven,,,A,15-07-2010,STREPE,
FT572,,,FT,,Fietstrommel,,,,HONDIUSSTR,17,,,,,,,,51.9123802185059,4.45971012115479,,,,,,,,0633540987,Delfshaven,,,A,15-07-2010,STREPE,
FT573,,,FT,,Fietstrommel,,,,S MULLERSTR,21,,,,,,,,51.9133605957031,4.44727993011475,,,,,,,,0633540988,Delfshaven,,,A,15-07-2010,STREPE,
FT574,,,FT,,Fietstrommel,,,,SCHERMLN,2,,,,,,,,51.9170112609863,4.46257019042969,,,,,,,,0633540989,Delfshaven,,,A,15-07-2010,STREPE,
FT575,,,FT,,Fietstrommel,,,,V OOSTERZEESTR,4,,,,,,,,51.9191703796387,4.44921016693115,,,,,,,,0633540990,Delfshaven,,,A,15-07-2010,STREPE,
FT576,,,FT,,Fietstrommel,,,,HEEMRAADSPLN,4,,,,,,,,51.9131393432617,4.45341014862061,,,,,,,,0633540991,Delfshaven,,,A,15-07-2010,STREPE,
FT577,,,FT,,Fietstrommel,,,,MATHENESSERLN,230,,,,,,,,51.9146995544434,4.44436979293823,,,,,,,,0633540992,Delfshaven,,,A,15-07-2010,STREPE,
FT578,,,FT,,Fietstrommel,,,,HEEMRAADSSNGL,326,,,,,,,,51.9103088378906,4.45745992660522,,,,,,,,0633540993,Delfshaven,,,A,15-07-2010,STREPE,
FT579,,,FT,,Fietstrommel,,,,BEUKELSWG,81,,,,,,,,51.9216613769531,4.4586501121521,,,,,,,,0633540994,Delfshaven,,,A,13-01-2012,OOMEBE,
FT58,,,FT,,Fietstrommel,,,,F BEKKERSTR,52,,,,,,,,51.8912391662598,4.46854019165039,,,,,,,,,Charlois,,,A,07-06-2009,Conversie,
FT580,,,FT,,Fietstrommel,,,,BEUKELSDK,174,,,,,,,,51.9199981689453,4.44933986663818,,,,,,,,0633540995,Delfshaven,,,A,15-07-2010,STREPE,
FT581,,,FT,,Fietstrommel,,,,HAVENSTR,148,,,,,,,,51.9059600830078,4.45227003097534,,,,,,,,0633540996,Delfshaven,,,A,15-07-2010,STREPE,
FT582,,,FT,,Fietstrommel,,,,ESSENBURGSNGL,98,,,,,,,,51.9216613769531,4.44776010513306,,,,,,,,0633540997,Delfshaven,,,A,15-07-2010,STREPE,
FT583,,,FT,,Fietstrommel,,,,SCHEPENSTR,25,,,,,,,,51.9307708740234,4.46653985977173,,,,,,,,0633540998,Noord,,,A,15-07-2010,STREPE,
FT584,,,FT,,Fietstrommel,,,,GORDELWG,84/86,,,,,,,,51.9396591186523,4.47342014312744,,,,,,,,0633540999,Noord,,,A,15-07-2010,STREPE,
FT585,,,FT,,Fietstrommel,,,,BERGPOLDERSTR,58/62,,,,,,,,51.9334602355957,4.46672010421753,,,,,,,,0633595600,Noord,,,A,15-07-2010,STREPE,
FT586,,,FT,,Fietstrommel,,,,NOORDERHAVENKD,136,,,,,,,,51.9330291748047,4.46205997467041,,,,,,,,0633595601,Noord,,,A,15-07-2010,STREPE,
FT587,,,FT,,Fietstrommel,,,,HERLAERSTR,30,,,,,,,,51.9302101135254,4.47541999816895,,,,,,,,0633595602,Noord,,,A,15-07-2010,STREPE,
FT588,,,FT,,Fietstrommel,,,,J CATSSTR,17,,,,,,,,51.934268951416,4.48321008682251,,,,,,,,0633595603,Noord,,,A,15-07-2010,STREPE,
FT589,,,FT,,Fietstrommel,,,,BERGSELN,97,,,,,,,,51.9376792907715,4.4734001159668,,,,,,,,0633595604,Noord,,,A,15-07-2010,STREPE,
FT59,,,FT,,Fietstrommel,,,,ZWARTEWAALSTR,191,,,,,,,,51.8931694030762,4.48748016357422,,,,,,,,,Charlois,,,A,07-06-2009,Conversie,
FT590,,,FT,,Fietstrommel,,,,BANIERSTR,73,,,,,,,,51.9309501647949,4.47216987609863,,,,,,,,0633595605,Noord,,,A,15-07-2010,STREPE,
FT591,,,FT,,Fietstrommel,,,,VROESENLN,52,,,,,,,,51.9303016662598,4.45657014846802,,,,,,,,0633595606,Noord,,,A,15-07-2010,STREPE,
FT592,,,FT,,Fietstrommel,,,,DELFGAAUWSTR,50,,,,,,,,51.938850402832,4.47157001495361,,,,,,,,0633595607,Noord,,,A,15-07-2010,STREPE,
FT593,,,FT,,Fietstrommel,,,,BERGWG,258/260,,,,,,,,51.933780670166,4.47363996505737,,,,,,,,0633595608,Noord,,,A,15-07-2010,STREPE,
FT594,,,FT,,Fietstrommel,,,,MATHENESSERLN,244,,,,,,,,51.9145011901856,4.46163988113403,,,,,,,,0633595609,Delfshaven,,,A,15-07-2010,STREPE,
FT595,,,FT,,Fietstrommel,,,,W BUYTEWECHSTR,169,,,,,,,,51.9070281982422,4.45471000671387,,,,,,,,0633595610,Delfshaven,,,A,15-07-2010,STREPE,
FT596,,,FT,,Fietstrommel,,,,SCHOONDERLOOSTR,163,,,,,,,,,,,,,,,,,0633595611,Delfshaven,,,A,15-07-2010,STREPE,
FT597,,,FT,,Fietstrommel,,,,PARALLELSTR,40,,,,,,,,51.9440689086914,4.42412996292114,,,,,,,,0633595612,Overschie,,,A,15-07-2010,STREPE,
FT598,,,FT,,Fietstrommel,,,,BATAVIERENSTR,39,,,,,,,,,,,,,,,,,0633595613,Centrum,,,A,15-07-2010,STREPE,
FT599,,,FT,,Fietstrommel,,,,ZEEMANSSTR,11,,,,,,,,,,,,,,,,,0633595614,Centrum,,,A,15-07-2010,STREPE,
FT6,,,FT,,Fietstrommel,,,,NOBELSTR,88,,,,,,,,51.9324607849121,4.45884990692139,,,,,,,,,Noord,,,A,07-06-2009,Conversie,
FT60,,,FT,,Fietstrommel,,,,Bibliotheek,198,,,,,,,,52.0025596618652,4.3755202293396,,,,,,,,,Hoogvliet,,,A,06-07-2010,STREPE,
FT600,,,FT,,Fietstrommel,,,,MOERKERKESTR,90/92,,,,,,,,,,,,,,,,,0633595615,Charlois,,,A,15-07-2010,STREPE,
FT601,,,FT,,Fietstrommel,,,,PARALLELSTR,4,,,,,,,,51.9430198669434,4.42452001571655,,,,,,,,0633595616,Overschie,,,A,15-07-2010,STREPE,
FT603,,,FT,,Fietstrommel,,,,BEUKELSDK,32,,,,,,,,51.9216499328613,4.45866012573242,,,,,,,,06-33184382,Delfshaven,,,A,15-07-2010,STREPE,
FT604,,,FT,,Fietstrommel,,,,BEUKELSDK,22,,,,,,,,51.9216804504395,4.45888996124268,,,,,,,,06-33184388,Delfshaven,,,A,15-07-2010,STREPE,
FT605,,,FT,,Fietstrommel,,,,BEUKELSDK,24,,,,,,,,51.9216804504395,4.45883989334106,,,,,,,,06-33184395,Delfshaven,,,A,15-07-2010,STREPE,
FT606,,,FT,,Fietstrommel,,,,BEUKELSDK,172,,,,,,,,51.9199714660645,4.44929981231689,,,,,,,,0633184400,Delfshaven,,,A,15-07-2010,STREPE,
FT607,,,FT,,Fietstrommel,,,,BALKENSTR,14,,,,,,,,,,,,,,,,,06-331844371,Delfshaven,,,A,15-07-2010,STREPE,
FT608,,,FT,,Fietstrommel,,,,BURG MEINESZLN,13,,,,,,,,,,,,,,,,,06-33184403,Delfshaven,,,A,15-07-2010,STREPE,
FT609,,,FT,,Fietstrommel,,,,BURG MEINESZLN,43,,,,,,,,,,,,,,,,,06-33184394,Delfshaven,,,A,15-07-2010,STREPE,
FT61,,,FT,,Fietstrommel,,,,DOEZASTR,2,,,,,,,,51.9289398193359,4.46415996551514,,,,,,,,,Noord,,,A,06-07-2010,STREPE,
FT610,,,FT,,Fietstrommel,,,,BURG MEINESZLN,51,,,,,,,,,,,,,,,,,06-33184398,Delfshaven,,,A,15-07-2010,STREPE,
FT611,,,FT,,Fietstrommel,,,,BURG MEINESZLN,72,,,,,,,,,,,,,,,,,0633184397,Delfshaven,,,A,15-07-2010,STREPE,
FT612,,,FT,,Fietstrommel,,,,A PIERSONSTR,22,,,,,,,,,,,,,,,,,06-33184405,Delfshaven,,,A,15-07-2010,STREPE,
FT613,,,FT,,Fietstrommel,,,,BEATRYSSTR,38,,,,,,,,,,,,,,,,,06-33184359,Delfshaven,,,A,15-07-2010,STREPE,
FT614,,,FT,,Fietstrommel,,,,A MILDERSSTR,73,,,,,,,,,,,,,,,,,06-33184383,Delfshaven,,,A,15-07-2010,STREPE,
FT615,,,FT,,Fietstrommel,,,,ESSENBURGSNGL,149,,,,,,,,,,,,,,,,,06-33184380,Delfshaven,,,A,15-07-2010,STREPE,
FT616,,,FT,,Fietstrommel,,,,C DE VRIESELN,83,,,,,,,,,,,,,,,,,06-33184360,Delfshaven,,,A,15-07-2010,STREPE,
FT617,,,FT,,Fietstrommel,,,,VOLMARYNSTR,148,,,,,,,,,,,,,,,,,06-33184404,Delfshaven,,,A,15-07-2010,STREPE,
FT618,,,FT,,Fietstrommel,,,,ROCHUSSENSTR,199,,,,,,,,,,,,,,,,,06-33184384,Delfshaven,,,A,15-07-2010,STREPE,
FT619,,,FT,,Fietstrommel,,,,ROCHUSSENSTR,335,,,,,,,,,,,,,,,,,06-33184392,Delfshaven,,,A,15-07-2010,STREPE,
FT62,,,FT,,Fietstrommel,,,,SCHIEKD,624,,,,,,,,51.9286117553711,4.47360992431641,,,,,,,,,Noord,,,A,07-06-2009,Conversie,
FT620,,,FT,,Fietstrommel,,,,WATERGEUSSTR,191,,,,,,,,,,,,,,,,,06-33184365,Delfshaven,,,A,15-07-2010,STREPE,
FT621,,,FT,,Fietstrommel,,,,CORVERSTR,62,,,,,,,,,,,,,,,,,06-33184378,Delfshaven,,,A,15-07-2010,STREPE,
FT622,,,FT,,Fietstrommel,,,,MAURITSSTR,128,,,,,,,,,,,,,,,,,06-33184401,Centrum,,,A,15-07-2010,STREPE,
FT623,,,FT,,Fietstrommel,,,,STATENSNGL,van Goenstraat,,,,,,,,,,,,,,,,,06-33184374,Noord,,,A,15-07-2010,STREPE,
FT624,,,FT,,Fietstrommel,,,,SCHIETBAANLN,34,,,,,,,,,,,,,,,,,06-33184386,Centrum,,,A,15-07-2010,STREPE,
FT625,,,FT,,Fietstrommel,,,,STATENWG,159,,,,,,,,,,,,,,,,,06-33184377,Noord,,,A,15-07-2010,STREPE,
FT626,,,FT,,Fietstrommel,,,,STADHOUDERSPLN,14,,,,,,,,,,,,,,,,,06-33184391,Noord,,,A,15-07-2010,STREPE,
FT627,,,FT,,Fietstrommels,,,,G SCHOLTENSTR,11,,,,,,,,,,,,,,,,,0633184366,Noord,,,A,15-07-2010,STREPE,
FT628,,,FT,,Fietstrommel,,,,T V POORTVLIETSTR,9,,,,,,,,,,,,,,,,,06-33184379,Noord,,,A,15-07-2010,STREPE,
FT629,,,FT,,Fietstrommel,,,,HOOIDRIFT,13-15,,,,,,,,,,,,,,,,,0633184375,Delfshaven,,,A,15-07-2010,STREPE,
FT63,,,FT,,Fietstrommel,,,,UNGERPLN,8,,,,,,,,51.9289398193359,4.47179985046387,,,,,,,,,Noord,,,A,07-06-2009,Conversie,
FT630,,,FT,,Fietstrommel,,,,BERGWG,127,,,,,,,,,,,,,,,,,0633184402,Noord,,,A,15-07-2010,STREPE,
FT631,,,FT,,Fietstrommel,,,,BERGWG,301,,,,,,,,,,,,,,,,,0633184369,Noord,,,A,15-07-2010,STREPE,
FT632,,,FT,,Fietstrommel,,,,G SCHOLTENSTR,40,,,,,,,,,,,,,,,,,0633184370,Noord,,,A,15-07-2010,STREPE,
FT633,,,FT,,Fietstrommel,,,,1E PYNACKERSTR,134,,,,,,,,,,,,,,,,,0633184367,Noord,,,A,15-07-2010,STREPE,
FT634,,,FT,,Fietstrommel,,,,SCHIETBAANLN,86,,,,,,,,,,,,,,,,,,Delfshaven,,,A,11-01-2011,OOMEBE,
FT635,,,FT,,Fietstrommel,,,,SCHIEKD,109,,,,,,,,,,,,,,,,,0633184362,Noord,,,A,15-07-2010,STREPE,
FT636,,,FT,,Fietstrommel,,,,OOSTERVANTSTR,3,,,,,,,,,,,,,,,,,0633184390,Delfshaven,,,A,15-07-2010,STREPE,
FT637,,,FT,,Fietstrommel,,,,BEUKELSDK,80,,,,,,,,,,,,,,,,,0633184376,Delfshaven,,,A,15-07-2010,STREPE,
FT638,,,FT,,Fietstrommel,,,,V OOSTERZEESTR,26,,,,,,,,,,,,,,,,,0633184389,Delfshaven,,,A,15-07-2010,STREPE,
FT639,,,FT,,Fietstrommels,,,,PROVENIERSSNGL,22,,,,,,,,,,,,,,,,,0633184381,Noord,,,A,15-07-2010,STREPE,
FT64,,,FT,,Fietstrommel,,,,UNGERPLN,8,,,,,,,,51.9289398193359,4.47180986404419,,,,,,,,,Noord,,,A,07-06-2009,Conversie,
FT640,,,FT,,Fietstrommel,,,,STADHOUDERSPLN,11,,,,,,,,,,,,,,,,,0633184363,Noord,,,A,15-07-2010,STREPE,
FT641,,,FT,,Fietstrommel,,,,DUYVESTEYNHOF,,,,,,,,,,,,,,,,,,0633184368,Overschie,,,A,29-02-2012,STREPE,
FT642,,,FT,,Fietstrommel,,,,VLIETLN,32A,,,,,,,,,,,,,,,,,0633184399,Kralingen/Crooswijk,,,A,15-07-2010,STREPE,
FT643,,,FT,,Fietstrommel,,,,VLIETLN,32A,,,,,,,,,,,,,,,,,0633184373,Kralingen/Crooswijk,,,A,15-07-2010,STREPE,
FT644,,,FT,,Fietstrommel,,,,TABORSTR,12,,,,,,,,,,,,,,,,,0633184372,Kralingen/Crooswijk,,,A,15-07-2010,STREPE,
FT645,,,FT,,Fietstrommel,,,,HOOIDRIFT,9,,,,,,,,,,,,,,,,,0633184393,Delfshaven,,,A,15-07-2010,STREPE,
FT646,,,FT,,Fietstrommel,,,,KRALINGSE PLASLN,97B,,,,,,,,,,,,,,,,,0633184387,Kralingen/Crooswijk,,,A,15-07-2010,STREPE,
FT647,,,FT,,Fietstrommel,,,,PALESTINASTR,59,,,,,,,,,,,,,,,,,0633184385,Kralingen/Crooswijk,,,A,15-07-2010,STREPE,
FT648,,,FT,,Fietstrommel,,,,C DE VRIESELN,96,,,,,,,,,,,,,,,,,0633184396,Delfshaven,,,A,15-07-2010,STREPE,
FT649,,,FT,,Fietstrommel,,,,GR FLORISSTR,28,,,,,,,,,,,,,,,,,0633184406,Delfshaven,,,A,15-07-2010,STREPE,
FT65,,,FT,,Fietstrommel,,,,CROOSWYKSESNGL,13b,,,,,,,,51.9297714233398,4.489990234375,,,,,,,,,Kralingen/Crooswijk,,,A,07-06-2009,Conversie,
FT650,,,FT,,Fietstrommel,,,,WERKHOEFSTR,7,,,,,,,,,,,,,,,,,0633184364,Delfshaven,,,A,15-07-2010,STREPE,
FT651,,,FT,,Fietstrommel,,,,C P TIELESTR,53,,,,,,,,,,,,,,,,,0633184361,Delfshaven,,,A,15-07-2010,STREPE,
FT652,,,FT,,Fietstrommel,,,,HONDIUSSTR,32,,,,,,,,,,,,,,,,,0633184358,Delfshaven,,,A,15-07-2010,STREPE,
FT654,,,FT,,Fietstrommel,,,,S MULLERSTR,1,,,,,,,,,,,,,,,,,0649627869,Delfshaven,,,A,16-09-2010,STREPE,
FT655,,,FT,,Fietstrommel,,,,BLOKMAKERSSTR,25,,,,,,,,,,,,,,,,,0649627107,Charlois,,,A,27-04-2011,OOMEBE,
FT656,,,FT,,Fietsentrommel,,,,ESSENBURGSNGL,63,,,,,,,,,,,,,,,,,0633406337,Delfshaven,,,A,27-04-2011,OOMEBE,
FT657,,,FT,,Fietstrommel,,,,GORDELWG,61,,,,,,,,,,,,,,,,,0649627108,Noord,,,A,16-09-2010,STREPE,
FT658,,,FT,,Fietstrommel,,,,BERGSNGL,172,,,,,,,,,,,,,,,,,0649627867,Noord,,,A,16-09-2010,STREPE,
FT659,,,FT,,Fietstrommel,,,,PARADYSLN,115,,,,,,,,,,,,,,,,,0649627864,Kralingen/Crooswijk,,,A,16-09-2010,STREPE,
FT66,,,FT,,Fietstrommel,,,,CROOSWYKSESNGL,16,,,,,,,,51.9297409057617,4.48965978622437,,,,,,,,,Kralingen/Crooswijk,,,A,10-08-2011,OOMEBE,
FT660,,,FT,,Fietstrommel,,,,PR MARGRIETLN,5,,,,,,,,,,,,,,,,,,Hillegersberg,,,A,24-08-2010,STREPE,
FT661,,,FT,,Fietstrommel,,,,BARONIESTR,56,,,,,,,,,,,,,,,,,0649627862,Hillegersberg,,,A,16-09-2010,STREPE,
FT662,,,FT,,Fietstrommel,,,,ADRIANASTR,71,,,,,,,,,,,,,,,,,0649627863,Centrum,,,A,16-09-2010,STREPE,
FT663,,,FT,,Fietstrommel,,,,ROCHUSSENSTR,61,,,,,,,,,,,,,,,,,0649627106,Centrum,,,A,16-09-2010,STREPE,
FT664,,,FT,,Fietstrommel,,,,WALRAVENSTR,9,,,,,,,,,,,,,,,,,0649627110,Charlois,,,A,12-10-2010,BRUIPE,
FT665,,,FT,,Fietstrommel,,,,V DIESTSTR,38-42,,,,,,,,,,,,,,,,,0649627860,Charlois,,,A,16-09-2010,STREPE,
FT666,,,FT,,Fietstrommel,,,,BOERGOENSESTR,78,,,,,,,,,,,,,,,,,0649627109,Charlois,,,A,16-09-2010,STREPE,
FT667,,,FT,,Fietstrommel,,,,BOERGOENSESTR,78,,,,,,,,,,,,,,,,,0649627865,Charlois,,,A,16-09-2010,STREPE,
FT668,,,FT,,Fietstrommel,,,,Dorpsweg,2,,,,,,,,,,,,,,,,,,Charlois,,,A,16-12-2010,BRUIPE,
ft669,,,FT,,Fietstrommel,,,,PLEINWG,71,,,,,,,,51.8905715942383,4.4843602180481,,,,,,,,,Charlois,,,A,14-06-2012,BRUIPE,
FT67,,,FT,,Fietstrommel,,,,CROOSWYKSESNGL,29b,,,,,,,,51.9298706054687,4.48823976516724,,,,,,,,,Kralingen/Crooswijk,,,A,06-07-2010,BEHEER-STZ,
ft670,,,FT,,Fietstrommel,,,,BEATRYSSTR,69,,,,,,,,51.9197883605957,4.45686006546021,,,,,,,,,Delfshaven,,,A,14-06-2012,BRUIPE,
ft671,,,FT,,Fietstrommel,,,,BILDERDYKSTR,210,,,,,,,,51.9173698425293,4.43269014358521,,,,,,,,,Delfshaven,,,A,14-06-2012,BRUIPE,
ft672,,,FT,,Fietstrommel,,,,TIDEMANSTR,to 13,,,,,,,,51.9188613891602,4.4481201171875,,,,,,,,,Delfshaven,,,A,14-06-2012,BRUIPE,
ft673,,,FT,,Fietstrommel,,,,V CITTERSSTR,34,,,,,,,,,,,,,,,,,,Delfshaven,,,A,18-11-2011,OOMEBE,
ft674,,,FT,,Fietstrommel,,,,ESSENBURGSNGL,to 127,,,,,,,,51.9209709167481,4.44532012939453,,,,,,,,,Delfshaven,,,A,14-06-2012,BRUIPE,
ft675,,,FT,,Fietstrommel,,,,ESSENBURGSNGL,2,,,,,,,,52.1895790100098,5.29523992538452,,,,,,,,,Delfshaven,,,A,14-06-2012,BRUIPE,
ft676,,,FT,,Fietstrommel,,,,GR FLORISSTR,110,,,,,,,,51.9189910888672,4.4565601348877,,,,,,,,,Delfshaven,,,A,14-06-2012,BRUIPE,
ft677,,,FT,,Fietstrommel,,,,MATHENESSERLN,396,,,,,,,,51.9137001037598,4.45088005065918,,,,,,,,,Delfshaven,,,A,14-06-2012,BRUIPE,
ft678,,,FT,,Fietstrommel,,,,MATHENESSERLN,to 450,,,,,,,,51.9148788452148,4.44828987121582,,,,,,,,,Charlois,,,A,14-06-2012,BRUIPE,
ft679,,,FT,,Fietstrommel,,,,ROCHUSSENSTR,375,,,,,,,,51.9094390869141,4.45078992843628,,,,,,,,,Delfshaven,,,A,14-06-2012,BRUIPE,
FT68,,,FT,,Fietstrommel,,,,CROOSWYKSESNGL,31,,,,,,,,51.9299087524414,4.48802995681763,,,,,,,,,Kralingen/Crooswijk,,,A,07-06-2009,Conversie,
ft680,,,FT,,Fietstrommel,,,,SCHIETBAANLN,74,,,,,,,,51.9156684875488,4.45909976959229,,,,,,,,,Delfshaven,,,A,14-06-2012,BRUIPE,
ft681,,,FT,,Fietstrommel,,,,SCHIETBAANLN,126,,,,,,,,51.9156913757324,4.45611000061035,,,,,,,,,Delfshaven,,,A,14-06-2012,BRUIPE,
ft682,,,FT,,Fietstrommel,,,,W BUYTEWECHSTR,50,,,,,,,,51.9072799682617,4.46028995513916,,,,,,,,,Delfshaven,,,A,14-06-2012,BRUIPE,
ft683,,,FT,,Fietstrommel,,,,DONKERSLOOTSTR,to 111,,,,,,,,51.89208984375,4.51669979095459,,,,,,,,,Feijenoord,,,A,14-06-2012,BRUIPE,
ft684,,,FT,,Fietstrommel,,,,W VARKENOORDSEWG,Breeweg,,,,,,,,51.8906211853027,4.51950979232788,,,,,,,,,Feijenoord,,,A,14-06-2012,BRUIPE,
ft685,,,FT,,Fietstrommel,,,,BERGWG,243,,,,,,,,51.9347686767578,4.47516012191772,,,,,,,,,Noord,,,A,14-06-2012,BRUIPE,
ft686,,,FT,,Fietstrommel,,,,LISPLN,hoek gordelweg,,,,,,,,51.9392395019531,4.47405004501343,,,,,,,,,Noord,,,A,14-06-2012,BRUIPE,
ft687,,,FT,,Fietstrommel,,,,MOLENWATERWG,8,,,,,,,,51.9269485473633,4.47289991378784,,,,,,,,,Noord,,,A,14-06-2012,BRUIPE,
ft688,,,FT,,Fietstrommel,,,,BERGSELN,to 126,,,,,,,,51.9379806518555,4.47402000427246,,,,,,,,,Noord,,,A,14-06-2012,BRUIPE,
FT689,,,FT,,Fietstrommel,,,,L HILLEWG,110,,,,,,,,51.8929290771484,4.50201988220215,,,,,,,,,Feijenoord,,,A,13-06-2012,BRUIPE,
FT69,,,FT,,Fietstrommel,,,,HG BOEZEM,23,,,,,,,,51.9246292114258,4.49774980545044,,,,,,,,,Kralingen/Crooswijk,,,A,07-06-2009,Conversie,
FT690,,,FT,,Fietstrommel,,,,HEEMRAADSSNGL,246,,,,,,,,51.9131584167481,4.45611000061035,,,,,,,,,Delfshaven,,,A,13-06-2012,BRUIPE,
FT691,,,FT,,Fietstrommel,,,,VAANDRIGSTR,25,,,,,,,,51.9340209960938,4.49665021896362,,,,,,,,,Kralingen/Crooswijk,,,A,13-06-2012,BRUIPE,
FT692,,,FT,,Fietstrommel,,,,GORDELWG,60,,,,,,,,51.9401397705078,4.47707986831665,,,,,,,,,Noord,,,A,13-06-2012,BRUIPE,
FT693,,,FT,,Fietstrommel,,,,VD HOONAARDSTR,12,,,,,,,,51.9357299804688,4.4752402305603,,,,,,,,,Noord,,,A,13-06-2012,BRUIPE,
FT694,,,FT,,Fietstrommel,,,,BERGWG,203,,,,,,,,51.9356803894043,4.47635984420776,,,,,,,,,Noord,,,A,13-06-2012,BRUIPE,
FT695,,,FT,,Fietstrommel,,,,KOOTSEKD,32,,,,,,,,51.9445495605469,4.48439979553223,,,,,,,,,Hillegersberg,,,A,13-06-2012,BRUIPE,
FT696,,,FT,,Fietstrommel,,,,BEGONIASTR,2,,,,,,,,51.9450912475586,4.473060131073,,,,,,,,,Hillegersberg,,,A,13-06-2012,BRUIPE,
FT697,,,FT,,Fietstrommel,,,,COOLHAVEN,126,,,,,,,,51.9075813293457,4.45644998550415,,,,,,,,,Delfshaven,,,A,13-06-2012,BRUIPE,
FT698,,,FT,,Fietstrommel,,,,W BUYTEWECHSTR,126,,,,,,,,51.9067916870117,4.45636987686157,,,,,,,,,Delfshaven,,,A,13-06-2012,BRUIPE,
FT699,,,FT,,,,,,BOSPOLDERSTR,11B,,,,,,,,51.9095115661621,4.44217014312744,,,,,,,,,Delfshaven,,,A,13-06-2012,BRUIPE,
FT7,,,FT,,Fietstrommel,,,,NOBELSTR,88,,,,,,,,51.9324607849121,4.45885992050171,,,,,,,,,Noord,,,A,07-06-2009,Conversie,
FT70,,,FT,,Fietstrommel,,,,C DE VRIESELN,3,,,,,,,,51.9177093505859,4.45917987823486,,,,,,,,,Delfshaven,,,A,07-06-2009,Conversie,
FT700,,,FT,,Fietstrommel,,,,MATHENESSERDK,114,,,,,,,,51.9167785644531,4.44187021255493,,,,,,,,,Delfshaven,,,A,13-06-2012,BRUIPE,
FT701,,,FT,,Fietstrommel,,,,SCHIEDAMSEWG BEN,467,,,,,,,,51.9102401733398,4.44321012496948,,,,,,,,,Delfshaven,,,A,13-06-2012,BRUIPE,
FT702,,,FT,,Fietstrommel,,,,MATHENESSERLN,466,,,,,,,,51.9152488708496,4.44777011871338,,,,,,,,,Delfshaven,,,A,13-06-2012,BRUIPE,
FT703,,,FT,,Fietstrommel,,,,ROCHUSSENSTR,373,,,,,,,,51.9094009399414,4.45095014572144,,,,,,,,,Delfshaven,,,A,14-06-2012,BRUIPE,
FT704,,,FT,,Fietstrommel,,,,MATHENESSERLN,398,,,,,,,,51.9137115478516,4.45078992843628,,,,,,,,,Delfshaven,,,A,14-06-2012,BRUIPE,
FT705,,,FT,,Fietstrommel,,,,SOETENDAALSEWG,95,,,,,,,,51.9393196105957,4.48052978515625,,,,,,,,,Noord,,,A,14-06-2012,BRUIPE,
FT71,,,FT,,Fietstrommel,,,,C DE VRIESELN,3,,,,,,,,51.9177093505859,4.45918989181519,,,,,,,,0629476379,Delfshaven,,,A,06-07-2010,BEHEER-STZ,
FT72,,,FT,,Fietstrommel,,,,C DE VRIESELN,42,,,,,,,,51.916259765625,4.45945978164673,,,,,,,,,Delfshaven,,,A,07-06-2009,Conversie,
FT73,,,FT,,Fietstrommel,,,,C DE VRIESELN,42,,,,,,,,51.916259765625,4.45946979522705,,,,,,,,0629476512,Delfshaven,,,A,06-07-2010,BEHEER-STZ,
FT74,,,FT,,Fietstrommel,,,,C DE VRIESELN,101,,,,,,,,51.9140815734863,4.45964002609253,,,,,,,,,Delfshaven,,,A,07-06-2009,Conversie,
FT75,,,FT,,Fietstrommel,,,,HEEMRAADSSNGL,26,,,,,,,,51.9210395812988,4.45601987838745,,,,,,,,0629476671,Delfshaven,,,A,06-07-2010,STREPE,
FT76,,,FT,,Fietstrommel,,,,HEEMRAADSSNGL,26,,,,,,,,51.9210395812988,4.45602989196777,,,,,,,,,Delfshaven,,,A,07-06-2009,Conversie,
FT77,,,FT,,Fietstrommel,,,,HEEMRAADSSNGL,26,,,,,,,,51.9210395812988,4.4560399055481,,,,,,,,0629476709,Delfshaven,,,A,06-07-2010,BEHEER-STZ,
FT78,,,FT,,Fietstrommel,,,,MATHENESSERLN,228,,,,,,,,51.9145889282227,4.46231985092163,,,,,,,,,Delfshaven,,,A,07-06-2009,Conversie,
FT79,,,FT,,Fietstrommel,,,,MATHENESSERLN,301,,,,,,,,51.9142189025879,4.45773983001709,,,,,,,,,Delfshaven,,,A,06-07-2010,STREPE,
FT8,,,FT,,Fietstrommel,,,,BERGSNGL,80,,,,,,,,51.9378814697266,4.46966981887817,,,,,,,,,Noord,,,A,07-06-2009,Conversie,
FT80,,,FT,,Fietstrommel,,,,MATHENESSERLN,320,,,,,,,,51.9139709472656,4.45766019821167,,,,,,,,,Delfshaven,,,A,07-06-2009,Conversie,
FT81,,,FT,,Fietstrommel,,,,BOSPOLDERPLN,32,,,,,,,,51.9085006713867,4.44186019897461,,,,,,,,,Delfshaven,,,A,06-07-2010,BEHEER-STZ,
FT82,,,FT,,Fietstrommel,,,,PINKSTR,10,,,,,,,,51.9176597595215,4.41782999038696,,,,,,,,,Delfshaven,,,A,06-07-2010,STREPE,
FT83,,,FT,,Fietstrommel,,,,MATHENESSERDK,87,,,,,,,,51.9153900146484,4.43535995483398,,,,,,,,,Delfshaven,,,A,07-06-2009,Conversie,
FT84,,,FT,,Fietstrommel,,,,MATHENESSERWG,132,,,,,,,,51.914249420166,4.43702983856201,,,,,,,,,Delfshaven,,,A,06-07-2010,BEHEER-STZ,
FT85,,,FT,,Fietstrommel,,,,D DANESTR,1,,,,,,,,51.9140396118164,4.4342098236084,,,,,,,,,Delfshaven,,,A,07-06-2009,Conversie,
FT86,,,FT,,Fietstrommel,,,,ESSENBURGSNGL,118,,,,,,,,51.9211082458496,4.44585990905762,,,,,,,,,Delfshaven,,,A,07-06-2009,Conversie,
FT87,,,FT,,Fietstrommel,,,,HEEMRAADSSNGL,213,,,,,,,,51.9157104492188,4.45434999465942,,,,,,,,,Delfshaven,,,A,07-06-2009,Conversie,
FT88,,,FT,,Fietstrommel,,,,HEEMRAADSSNGL,213,,,,,,,,51.9157104492188,4.45436000823975,,,,,,,,,Delfshaven,,,A,07-06-2009,Conversie,
FT89,,,FT,,Fietstrommel,,,,C P TIELESTR,13,,,,,,,,51.9143791198731,4.45346021652222,,,,,,,,,Delfshaven,,,A,06-07-2010,BEHEER-STZ,
FT9,,,FT,,Fietstrommel,,,,BERGSNGL,76,,,,,,,,51.9380111694336,4.46962976455689,,,,,,,,,Noord,,,A,07-06-2009,Conversie,
FT90,,,FT,,Fietstrommel,,,,ROCHUSSENSTR,317,,,,,,,,51.9089698791504,4.45431995391846,,,,,,,,,Delfshaven,,,A,07-06-2009,Conversie,
FT91,,,FT,,Fietstrommel,,,,VIRULYPLN,16,,,,,,,,51.9197998046875,4.45080995559692,,,,,,,,,Delfshaven,,,A,06-07-2010,STREPE,
FT92,,,FT,,Fietstrommel,,,,VD TAKSTR,26,,,,,,,,51.9144592285156,4.49549007415772,,,,,,,,,Feijenoord,,,A,07-06-2009,Conversie,
FT93,,,FT,,Fietstrommel,,,,PR HENDRIKKD,89,,,,,,,,51.9130783081055,4.49467992782593,,,,,,,,,Feijenoord,,,A,06-07-2010,BEHEER-STZ,
FT94,,,FT,,Fietstrommel,,,,PR HENDRIKKD,115,,,,,,,,51.911678314209,4.49381017684937,,,,,,,,,Feijenoord,,,A,07-06-2009,Conversie,
FT95,,,FT,,Fietstrommel,,,,PR HENDRIKKD,154,,,,,,,,51.9102592468262,4.49077987670898,,,,,,,,,Feijenoord,,,A,07-06-2009,Conversie,
FT96,,,FT,,Fietstrommel,,,,PR HENDRIKLN,13,,,,,,,,51.9155807495117,4.50091981887817,,,,,,,,,Feijenoord,,,A,07-06-2009,Conversie,
FT97,,,FT,,Fietstrommel,,,,DIAMANTWG,1,,,,,,,,51.9464302062988,4.4664797782898,,,,,,,,,Hillegersberg,,,A,07-07-2010,STREPE,
FT98,,,FT,,Fietstrommel,,,,RANDWG,91,,,,,,,,51.8913497924805,4.51283979415894,,,,,,,,,Feijenoord,,,A,07-06-2009,Conversie,
FT99,,,FT,,Fietstrommel,,,,BERGWG,265,,,,,,,,51.9343414306641,4.47452020645142,,,,,,,,,Noord,,,A,07-06-2009,Conversie,
